{"type":"FeatureCollection","features":[{"type":"Feature","properties":{"source":"generated-from-gpx"},"geometry":{"type":"LineString","coordinates":[[4.126704,51.977083],[4.127494,51.977375],[4.127016,51.978183],[4.128071,51.97853],[4.126953,51.979202],[4.1274,51.9798],[4.129309,51.979847],[4.129275,51.980496],[4.12747,51.980861],[4.1255,51.982453],[4.127946,51.984195],[4.129943,51.984538],[4.130431,51.985872],[4.131747,51.986612],[4.132607,51.986576],[4.138011,51.98394],[4.144426,51.982104],[4.142614,51.981196],[4.1443,51.980567],[4.145737,51.980706],[4.14689,51.981333],[4.154915,51.97955],[4.154997,51.977782],[4.158709,51.976854],[4.159908,51.979432],[4.1605,51.979031],[4.160143,51.978342],[4.160781,51.977737],[4.16389,51.976961],[4.165658,51.976982],[4.166128,51.978137],[4.167844,51.978231],[4.168984,51.976795],[4.173119,51.976301],[4.175906,51.975124],[4.174852,51.974025],[4.177477,51.973412],[4.177885,51.973749],[4.179287,51.973788],[4.182136,51.973053],[4.18142,51.972133],[4.183147,51.971624],[4.181105,51.969487],[4.19082,51.965948],[4.1909,51.965547],[4.188954,51.964879],[4.186481,51.962787],[4.188272,51.960406],[4.183208,51.958198],[4.181346,51.95919],[4.17442,51.95338],[4.173617,51.953599],[4.173145,51.953178],[4.184579,51.947529],[4.193943,51.943531],[4.21058,51.937671],[4.211257,51.937989],[4.215045,51.936849],[4.219176,51.941287],[4.220012,51.9414],[4.221539,51.942585],[4.22503,51.941556],[4.226285,51.942502],[4.226644,51.941992],[4.227227,51.942092],[4.229903,51.943963],[4.230544,51.944026],[4.23157,51.942932],[4.236845,51.944144],[4.242712,51.943531],[4.247133,51.944646],[4.250076,51.944946],[4.250894,51.943618],[4.252009,51.943746],[4.252485,51.942948],[4.25347,51.943073],[4.255804,51.938855],[4.257293,51.939177],[4.258388,51.938613],[4.259308,51.937327],[4.2625,51.9374],[4.268238,51.938773],[4.268423,51.93849],[4.272702,51.939312],[4.273127,51.938853],[4.271642,51.936412],[4.271454,51.934279],[4.26948,51.932532],[4.271589,51.926644],[4.264158,51.924521],[4.264548,51.924097],[4.263395,51.923672],[4.262827,51.924127],[4.257422,51.922549],[4.256753,51.92314],[4.252794,51.922069],[4.253416,51.921488],[4.247027,51.91586],[4.24865,51.91502],[4.249788,51.914937],[4.249823,51.914643],[4.249344,51.914603],[4.247265,51.911827],[4.246325,51.911436],[4.242594,51.911488],[4.242216,51.910599],[4.241405,51.910651],[4.23616,51.912814],[4.235779,51.912466],[4.23485,51.912665],[4.231508,51.91447],[4.230846,51.914255],[4.227073,51.911927],[4.227164,51.910346],[4.226332,51.910272],[4.228449,51.902846],[4.229454,51.901168],[4.229394,51.901396],[4.223302,51.900717],[4.221824,51.900288],[4.21851,51.900261],[4.21613,51.900814],[4.21241,51.902366],[4.209686,51.900286],[4.203102,51.896403],[4.20649,51.898098],[4.206366,51.898404],[4.203927,51.898985],[4.202102,51.90108],[4.200405,51.901528],[4.196256,51.902023],[4.189669,51.901953],[4.187768,51.902226],[4.186427,51.902995],[4.18468,51.902249],[4.183013,51.902174],[4.180806,51.9041],[4.174772,51.904301],[4.173569,51.904645],[4.171706,51.903373],[4.171644,51.90196],[4.169878,51.90144],[4.170334,51.902461],[4.169189,51.902756],[4.1704,51.9044],[4.16935,51.906274],[4.167757,51.906303],[4.167772,51.906567],[4.165866,51.906254],[4.165931,51.905301],[4.163318,51.90485],[4.164535,51.903959],[4.16405,51.902429],[4.163491,51.902525],[4.163094,51.9021],[4.161459,51.902599],[4.161764,51.902803],[4.161216,51.903172],[4.161739,51.903563],[4.160544,51.904315],[4.161109,51.904692],[4.159959,51.905448],[4.161925,51.906759],[4.165965,51.908023],[4.167744,51.907087],[4.169489,51.907391],[4.169137,51.908684],[4.166999,51.908597],[4.166016,51.909302],[4.167671,51.914904],[4.165558,51.915082],[4.165566,51.91637],[4.160376,51.918518],[4.159603,51.91928],[4.152091,51.923188],[4.152397,51.922903],[4.150671,51.923107],[4.141035,51.927667],[4.138822,51.927109],[4.135731,51.925098],[4.133248,51.926755],[4.133916,51.928048],[4.133527,51.928425],[4.131856,51.928442],[4.129982,51.927636],[4.12771,51.927622],[4.124234,51.926078],[4.123044,51.926107],[4.116979,51.924453],[4.11754,51.923808],[4.109521,51.923227],[4.109103,51.92276],[4.105265,51.922488],[4.10365,51.921302],[4.102165,51.920966],[4.097702,51.921653],[4.086321,51.91866],[4.086801,51.91801],[4.085025,51.918205],[4.083629,51.917757],[4.084967,51.917545],[4.085759,51.916604],[4.083803,51.916252],[4.083625,51.915574],[4.081036,51.914485],[4.078927,51.914961],[4.076228,51.914296],[4.077567,51.91331],[4.076787,51.912476],[4.077446,51.910627],[4.074225,51.909481],[4.071678,51.907644],[4.070263,51.907442],[4.069242,51.9066],[4.068311,51.906493],[4.06901,51.905241],[4.068789,51.904136],[4.068006,51.904015],[4.06859,51.902718],[4.06991,51.901723],[4.069738,51.901295],[4.066539,51.901142],[4.065997,51.902603],[4.065365,51.902692],[4.064652,51.903665],[4.06053,51.902969],[4.059746,51.901894],[4.05798,51.90116],[4.056853,51.901143],[4.055789,51.899108],[4.055677,51.897451],[4.053327,51.895409],[4.049202,51.893409],[4.04673,51.892883],[4.046117,51.892102],[4.04557,51.892307],[4.043619,51.891921],[4.042271,51.892712],[4.039712,51.892336],[4.038479,51.891403],[4.037092,51.891151],[4.036826,51.890678],[4.0346,51.889797],[4.033897,51.888622],[4.035898,51.887503],[4.035273,51.885357],[4.037306,51.882984],[4.038477,51.882377],[4.042404,51.882509],[4.043412,51.881873],[4.044153,51.880363],[4.046588,51.879489],[4.0478,51.878443],[4.051607,51.879789],[4.054068,51.87915],[4.0563,51.8762],[4.058914,51.874112],[4.057158,51.873002],[4.057935,51.872162],[4.059771,51.872057],[4.06083,51.869859],[4.062577,51.86808],[4.064567,51.867184],[4.068385,51.864464],[4.069539,51.864228],[4.072188,51.856984],[4.069022,51.855462],[4.065916,51.854726],[4.065541,51.853936],[4.068142,51.8506],[4.068619,51.845918],[4.069321,51.845605],[4.069224,51.844876],[4.07137,51.844465],[4.072986,51.844681],[4.073926,51.842845],[4.072384,51.84296],[4.070625,51.842439],[4.061282,51.839096],[4.059648,51.839285],[4.056445,51.837482],[4.044132,51.828403],[4.04097,51.823791],[4.03691,51.821057],[4.034935,51.822418],[4.034147,51.822017],[4.033576,51.822276],[4.028273,51.825332],[4.02891,51.825935],[4.025376,51.827582],[4.020212,51.829047],[4.015998,51.828825],[4.010611,51.831665],[4.002985,51.827301],[3.991475,51.819501],[3.984907,51.817849],[3.982831,51.817715],[3.983203,51.816988],[3.982503,51.815309],[3.983831,51.815171],[3.985017,51.812121],[3.97864,51.805519],[3.980577,51.804743],[3.985859,51.805115],[3.989204,51.80611],[3.991887,51.805149],[3.995617,51.805593],[4.008283,51.799632],[4.010359,51.800975],[4.016629,51.798544],[4.018311,51.797132],[4.019291,51.794264],[4.023807,51.790316],[4.032208,51.785385],[4.033618,51.784037],[4.03871,51.783725],[4.038507,51.77676],[4.035878,51.776598],[4.034686,51.776075],[4.033052,51.772026],[4.033425,51.771231],[4.035752,51.769596],[4.041646,51.769501],[4.044563,51.768024],[4.046835,51.767527],[4.046225,51.765336],[4.046367,51.763134],[4.049002,51.757472],[4.056995,51.745229],[4.060986,51.733261],[4.060393,51.728391],[4.059279,51.728566],[4.055141,51.724071],[4.056207,51.723517],[4.058916,51.714273],[4.060511,51.711249],[4.061321,51.710697],[4.070145,51.708068],[4.076542,51.708972],[4.080954,51.708519],[4.086104,51.709079],[4.090394,51.707451],[4.110473,51.708377],[4.129783,51.706209],[4.13203,51.705508],[4.13337,51.70315],[4.134659,51.702347],[4.152844,51.698184],[4.155606,51.696976],[4.157966,51.695006],[4.163938,51.68854],[4.163869,51.688123],[4.159515,51.685657],[4.155308,51.68228],[4.15359,51.68194],[4.149612,51.679819],[4.150782,51.679512],[4.151901,51.678128],[4.153047,51.678353],[4.153744,51.67705],[4.160353,51.670402],[4.161655,51.66765],[4.162183,51.65975],[4.163791,51.659494],[4.164406,51.656658],[4.16579,51.65494],[4.169517,51.652638],[4.1779,51.65021],[4.186796,51.64692],[4.188889,51.645732],[4.191935,51.643046],[4.193631,51.640092],[4.194007,51.636582],[4.19218,51.62721],[4.189776,51.622439],[4.193114,51.623257],[4.194547,51.622437],[4.1969,51.621909],[4.198465,51.622402],[4.198935,51.620804],[4.195414,51.617492],[4.192196,51.612928],[4.191367,51.612901],[4.189988,51.61074],[4.187229,51.601826],[4.185348,51.600991],[4.178865,51.600439],[4.180065,51.598631],[4.190065,51.590934],[4.19035,51.589699],[4.189673,51.588705],[4.193806,51.586966],[4.195583,51.58558],[4.198661,51.581403],[4.197764,51.58217],[4.207499,51.587169],[4.21297,51.591053],[4.21375,51.58969],[4.213684,51.588433],[4.217272,51.585586],[4.21265,51.57901],[4.215556,51.575827],[4.218721,51.573462],[4.221798,51.572447],[4.221686,51.57056],[4.227995,51.565828],[4.22971,51.56545],[4.22981,51.56438],[4.232364,51.56188],[4.233897,51.561701],[4.234906,51.559226],[4.237061,51.55782],[4.242055,51.556849],[4.239794,51.552997],[4.239937,51.551306],[4.2454,51.549693],[4.248504,51.545963],[4.255703,51.546673],[4.255983,51.543655],[4.260989,51.54434],[4.261109,51.543242],[4.266709,51.540162],[4.270618,51.541558],[4.271347,51.539388],[4.27355,51.53937],[4.27528,51.53878],[4.277776,51.538803],[4.280189,51.538263],[4.284064,51.538701],[4.286659,51.53615],[4.288189,51.535684],[4.289216,51.534831],[4.288264,51.534393],[4.288782,51.533282],[4.286298,51.533182],[4.285806,51.530867],[4.28665,51.528781],[4.28654,51.52725],[4.287813,51.527349],[4.290425,51.526313],[4.295178,51.528369],[4.29624,51.528088],[4.297505,51.528486],[4.297765,51.52926],[4.3014,51.528764],[4.301813,51.529231],[4.303196,51.529573],[4.304664,51.529015],[4.304467,51.528036],[4.303018,51.527532],[4.303212,51.526964],[4.302275,51.526666],[4.302375,51.525861],[4.301104,51.525436],[4.30328,51.524506],[4.302816,51.523695],[4.299888,51.522935],[4.297089,51.523798],[4.296281,51.523876],[4.295203,51.523389],[4.294182,51.522203],[4.294594,51.521624],[4.293498,51.521259],[4.292826,51.519647],[4.290877,51.51806],[4.290926,51.51751],[4.292946,51.515786],[4.293556,51.514214],[4.289801,51.514511],[4.290122,51.513778],[4.289714,51.513175],[4.292227,51.513896],[4.292185,51.513256],[4.293096,51.513386],[4.29494,51.512766],[4.293061,51.511633],[4.293242,51.510725],[4.293917,51.510411],[4.29004,51.50984],[4.28949,51.506325],[4.289851,51.505779],[4.288866,51.505434],[4.289117,51.505048],[4.288298,51.50433],[4.290914,51.502916],[4.287922,51.501261],[4.288033,51.500859],[4.286407,51.500568],[4.286906,51.499343],[4.285644,51.498874],[4.286252,51.496661],[4.28467,51.495753],[4.285072,51.495228],[4.286291,51.494567],[4.293191,51.495288],[4.295763,51.494873],[4.295685,51.494626],[4.300793,51.4941],[4.301441,51.493183],[4.308068,51.494098],[4.307724,51.492342],[4.305928,51.489921],[4.306438,51.489211],[4.310433,51.489236],[4.310533,51.488582],[4.31361,51.488559],[4.31441,51.488364],[4.314433,51.48772],[4.318406,51.487403],[4.326073,51.487931],[4.32776,51.48647],[4.32977,51.48261],[4.331684,51.480524],[4.33455,51.480165],[4.337363,51.479286],[4.334946,51.477354],[4.335167,51.477087],[4.33661,51.476476],[4.337152,51.475713],[4.345342,51.471873],[4.353594,51.476914],[4.356875,51.47559],[4.368677,51.467426],[4.369827,51.468191],[4.372492,51.466983],[4.372276,51.466016],[4.3743,51.464616],[4.374316,51.46541],[4.380023,51.464486],[4.385312,51.465781],[4.385059,51.460246],[4.390765,51.458975],[4.394474,51.461025],[4.395838,51.461001],[4.39942,51.45706],[4.40244,51.45692],[4.40372,51.45652],[4.405978,51.453345],[4.404684,51.452876],[4.404917,51.452276],[4.404043,51.451967],[4.40532,51.449109],[4.403386,51.448982],[4.40351,51.447669],[4.400983,51.447645],[4.401358,51.441505],[4.402169,51.438232],[4.401298,51.435145],[4.398977,51.435294],[4.396995,51.430914],[4.391312,51.431717],[4.389264,51.431132],[4.383505,51.430464],[4.386815,51.428794],[4.386919,51.427172],[4.388503,51.425312],[4.396584,51.418994],[4.399939,51.420812],[4.400789,51.419315],[4.405381,51.41482],[4.414482,51.407275],[4.414183,51.405231],[4.415166,51.403683],[4.41467,51.401488],[4.415472,51.397914],[4.41804,51.396189],[4.416711,51.394885],[4.415128,51.391376],[4.416671,51.391486],[4.419875,51.389488],[4.423812,51.389012],[4.426516,51.388258],[4.428522,51.385528],[4.428273,51.384847],[4.429926,51.383421],[4.431221,51.383405],[4.433386,51.382532],[4.435783,51.382272],[4.436289,51.381594],[4.435378,51.38095],[4.436675,51.380774],[4.43685,51.380054],[4.440252,51.37909],[4.440789,51.378541],[4.441674,51.378316],[4.443085,51.378742],[4.447072,51.377798],[4.452846,51.373631],[4.463357,51.377461],[4.467262,51.378621],[4.473015,51.379638],[4.474978,51.380452],[4.475047,51.38214],[4.476559,51.382505],[4.475931,51.384626],[4.478811,51.385178],[4.478893,51.385724],[4.481088,51.386213],[4.483203,51.388961],[4.488618,51.390634],[4.501724,51.392047],[4.501862,51.391523],[4.508296,51.392163],[4.508516,51.391282],[4.514367,51.391138],[4.524229,51.388614],[4.542477,51.389879],[4.542601,51.390983],[4.550782,51.392558],[4.554063,51.388808],[4.560639,51.389132],[4.562856,51.395316],[4.562369,51.395881],[4.578159,51.404565],[4.579383,51.402786],[4.581467,51.401188],[4.584803,51.400316],[4.585681,51.399242],[4.589902,51.398293],[4.592164,51.397326],[4.591953,51.396886],[4.593199,51.395211],[4.597891,51.390114],[4.597387,51.389425],[4.595418,51.389151],[4.595582,51.388157],[4.596034,51.388202],[4.596726,51.383147],[4.6002,51.383704],[4.606964,51.384057],[4.612291,51.382909],[4.613639,51.381439],[4.614966,51.381203],[4.620537,51.384326],[4.624599,51.381446],[4.62458,51.380604],[4.626733,51.381808],[4.628013,51.382054],[4.63192,51.381683],[4.634285,51.379883],[4.640623,51.36762],[4.63909,51.36249],[4.632838,51.35866],[4.632364,51.35777],[4.632866,51.357785],[4.632683,51.357496],[4.633378,51.357111],[4.631192,51.355138],[4.635451,51.353279],[4.634923,51.352836],[4.636909,51.351904],[4.63809,51.352609],[4.639942,51.351472],[4.640834,51.351512],[4.640396,51.351032],[4.641149,51.35032],[4.640403,51.349704],[4.640862,51.349462],[4.639401,51.34888],[4.640256,51.347998],[4.643316,51.347154],[4.643512,51.346198],[4.647674,51.343599],[4.644725,51.342387],[4.651156,51.335406],[4.635476,51.329066],[4.63847,51.326839],[4.641859,51.325318],[4.642928,51.313249],[4.642609,51.311096],[4.641837,51.310675],[4.643673,51.308839],[4.642012,51.30778],[4.640582,51.294559],[4.638694,51.291023],[4.653749,51.285428],[4.652534,51.284035],[4.660402,51.281031],[4.661143,51.281501],[4.66447,51.280119],[4.664065,51.27801],[4.670592,51.278002],[4.669837,51.27674],[4.667974,51.276645],[4.665401,51.272843],[4.666389,51.272338],[4.668941,51.272025],[4.669333,51.26844],[4.677273,51.269105],[4.671875,51.262549],[4.67548,51.261328],[4.669514,51.25443],[4.669349,51.25294],[4.670434,51.251445],[4.673171,51.250115],[4.673381,51.24845],[4.675086,51.247667],[4.675706,51.246818],[4.676118,51.243184],[4.679498,51.239335],[4.67972,51.238143],[4.677684,51.233982],[4.682734,51.230482],[4.684242,51.231319],[4.687243,51.230462],[4.690704,51.232669],[4.694018,51.229507],[4.69357,51.228488],[4.693885,51.227658],[4.698738,51.228018],[4.701884,51.227791],[4.703688,51.226724],[4.703026,51.226053],[4.70459,51.225216],[4.705166,51.224035],[4.706727,51.224642],[4.709208,51.223217],[4.725049,51.228057],[4.728561,51.221741],[4.732357,51.219658],[4.732125,51.219016],[4.738859,51.220239],[4.738458,51.218338],[4.738876,51.217351],[4.737997,51.21696],[4.737591,51.215047],[4.741417,51.211343],[4.743205,51.211496],[4.745227,51.208775],[4.74764,51.2099],[4.749238,51.20766],[4.752323,51.205334],[4.75422,51.197482],[4.755523,51.196195],[4.753071,51.195183],[4.753128,51.194291],[4.757445,51.192979],[4.760424,51.191457],[4.76234,51.191042],[4.762913,51.189062],[4.768027,51.185895],[4.772334,51.1863],[4.777374,51.186018],[4.783705,51.184068],[4.783625,51.184974],[4.784888,51.184314],[4.787239,51.18449],[4.788258,51.183475],[4.791163,51.184965],[4.792896,51.185188],[4.79313,51.1844],[4.797987,51.184158],[4.798696,51.18495],[4.803597,51.185571],[4.805385,51.186695],[4.808751,51.187465],[4.812203,51.186741],[4.815412,51.186983],[4.817784,51.186415],[4.819273,51.186474],[4.821604,51.184815],[4.825248,51.184979],[4.827818,51.184351],[4.829967,51.182656],[4.829848,51.182003],[4.832491,51.179754],[4.83204,51.178695],[4.833693,51.178444],[4.834469,51.177658],[4.835604,51.177828],[4.836613,51.175721],[4.838083,51.174502],[4.836409,51.173646],[4.835024,51.174204],[4.834506,51.173483],[4.835789,51.172619],[4.834828,51.17158],[4.832776,51.170556],[4.831959,51.170645],[4.831436,51.169294],[4.836506,51.168471],[4.840687,51.16845],[4.844759,51.169138],[4.850458,51.17125],[4.851548,51.170638],[4.851915,51.169297],[4.854943,51.166951],[4.857129,51.162968],[4.859931,51.160382],[4.8581,51.157612],[4.859109,51.157513],[4.859908,51.156479],[4.860622,51.156417],[4.860636,51.15591],[4.8622,51.155929],[4.863135,51.152784],[4.865311,51.151524],[4.866378,51.149338],[4.864855,51.147858],[4.86097,51.146876],[4.859794,51.145614],[4.860002,51.144171],[4.862018,51.144274],[4.862143,51.143176],[4.862961,51.142665],[4.867365,51.142986],[4.869733,51.141697],[4.869251,51.14124],[4.870634,51.14041],[4.872833,51.141395],[4.874038,51.140049],[4.875445,51.139291],[4.877312,51.14027],[4.87871,51.13952],[4.880964,51.140608],[4.881547,51.1401],[4.884257,51.140492],[4.889682,51.139709],[4.889639,51.138593],[4.890296,51.13851],[4.889887,51.137196],[4.890436,51.136927],[4.889432,51.135658],[4.890188,51.134042],[4.888828,51.13363],[4.889495,51.132513],[4.888328,51.132456],[4.889561,51.130992],[4.894871,51.132422],[4.895894,51.130243],[4.898052,51.128323],[4.897214,51.127646],[4.8984,51.126748],[4.897974,51.126478],[4.898284,51.12599],[4.89707,51.1253],[4.898978,51.124364],[4.898846,51.123361],[4.901183,51.122434],[4.906261,51.123411],[4.905506,51.11644],[4.906685,51.116378],[4.907772,51.109774],[4.909376,51.109808],[4.910268,51.105189],[4.907123,51.104627],[4.908962,51.098482],[4.908341,51.098021],[4.909024,51.097256],[4.90724,51.096019],[4.906158,51.095762],[4.906923,51.09363],[4.906781,51.092095],[4.899009,51.090394],[4.893226,51.080764],[4.892796,51.079203],[4.893708,51.078753],[4.900603,51.077968],[4.902724,51.078605],[4.902988,51.079324],[4.904503,51.079123],[4.906283,51.079887],[4.907961,51.079233],[4.908808,51.079269],[4.909699,51.079886],[4.913103,51.079766],[4.91359,51.079985],[4.913282,51.081209],[4.913912,51.081076],[4.916111,51.082302],[4.917834,51.082774],[4.921041,51.084859],[4.927741,51.079589],[4.929242,51.077116],[4.928243,51.076433],[4.928698,51.070741],[4.917046,51.07028],[4.918571,51.06689],[4.923278,51.062675],[4.927282,51.060827],[4.93247,51.045929],[4.935332,51.042847],[4.936141,51.042736],[4.936249,51.040929],[4.940851,51.039709],[4.948069,51.032491],[4.951838,51.034477],[4.954047,51.034311],[4.955539,51.033188],[4.957355,51.033168],[4.959295,51.032543],[4.961633,51.032748],[4.96418,51.032047],[4.964867,51.03117],[4.966211,51.031376],[4.966823,51.030847],[4.966927,51.029157],[4.972517,51.03084],[4.972964,51.03157],[4.97236,51.031936],[4.974752,51.032545],[4.976021,51.03243],[4.976033,51.032067],[4.977485,51.031754],[4.98012,51.032316],[4.985158,51.028385],[4.984775,51.02768],[4.98073,51.026126],[4.981958,51.025208],[4.982388,51.023738],[4.980344,51.02255],[4.979476,51.020279],[4.97726,51.019842],[4.977046,51.017729],[4.975921,51.01727],[4.969939,51.017131],[4.969249,51.015664],[4.965777,51.015223],[4.967247,51.012312],[4.966634,51.011488],[4.967527,51.010697],[4.970359,51.0099],[4.971208,51.010262],[4.972762,51.010145],[4.973577,51.010955],[4.975999,51.011177],[4.97799,51.010116],[4.979822,51.009866],[4.979911,51.008204],[4.985447,51.007182],[4.985973,51.00749],[4.987265,51.007182],[4.98933,51.006442],[4.989284,51.006021],[4.991749,51.005273],[4.992595,51.004446],[4.993172,51.002821],[4.991394,50.997699],[4.992236,50.997059],[4.988771,50.994723],[4.983751,50.992572],[4.985072,50.98282],[4.984125,50.97862],[4.98794,50.974558],[4.995498,50.976009],[4.998319,50.970763],[5.003983,50.966983],[5.011578,50.967505],[5.015682,50.968683],[5.016231,50.968953],[5.016157,50.969608],[5.019096,50.970289],[5.021327,50.96708],[5.020869,50.96671],[5.021634,50.966434],[5.031949,50.97218],[5.034213,50.972987],[5.035982,50.972472],[5.037994,50.973607],[5.038882,50.974627],[5.043848,50.972942],[5.044145,50.972108],[5.042017,50.969404],[5.04249,50.968069],[5.044305,50.966678],[5.04312,50.965842],[5.044999,50.965158],[5.044589,50.963934],[5.043661,50.963398],[5.044474,50.963659],[5.045951,50.96314],[5.048601,50.964602],[5.048834,50.965176],[5.052055,50.966352],[5.050696,50.968428],[5.050924,50.969136],[5.053551,50.972349],[5.055734,50.973367],[5.056834,50.975331],[5.058615,50.976404],[5.056405,50.978008],[5.057267,50.978841],[5.056984,50.97901],[5.059176,50.979508],[5.060527,50.980505],[5.060142,50.98096],[5.062463,50.98141],[5.06252,50.982875],[5.063739,50.984657],[5.064183,50.98671],[5.063405,50.98707],[5.064055,50.987715],[5.060753,50.989736],[5.057178,50.990574],[5.057832,50.991898],[5.061255,50.990857],[5.062252,50.991051],[5.062466,50.990767],[5.065212,50.990665],[5.065369,50.990035],[5.070646,50.989399],[5.071872,50.988466],[5.074615,50.9847],[5.075489,50.984887],[5.077147,50.982498],[5.078813,50.981754],[5.080089,50.980256],[5.083336,50.98059],[5.090933,50.979147],[5.093679,50.979483],[5.094702,50.978961],[5.096392,50.979313],[5.099646,50.978291],[5.101889,50.979364],[5.103845,50.979497],[5.103186,50.980866],[5.105568,50.981777],[5.108166,50.981964],[5.107776,50.982889],[5.108577,50.983085],[5.107343,50.985002],[5.108234,50.986691],[5.106154,50.986863],[5.104298,50.988271],[5.103849,50.989365],[5.109675,50.989749],[5.111895,50.988427],[5.120922,50.988961],[5.124541,50.991018],[5.126306,50.991169],[5.127558,50.992408],[5.130787,50.989731],[5.131761,50.989128],[5.13243,50.989203],[5.131844,50.988999],[5.132935,50.98779],[5.137727,50.988621],[5.137707,50.987981],[5.138324,50.987588],[5.133787,50.985039],[5.130572,50.983902],[5.1354,50.978346],[5.136352,50.976158],[5.148984,50.981411],[5.148349,50.98178],[5.148866,50.982252],[5.15163,50.982782],[5.149468,50.985119],[5.151582,50.986462],[5.154951,50.987784],[5.155505,50.987219],[5.157225,50.987924],[5.156348,50.988919],[5.153715,50.989088],[5.156209,50.990465],[5.156408,50.99151],[5.160471,50.992602],[5.163019,50.991675],[5.165755,50.991221],[5.169988,50.992332],[5.170381,50.991963],[5.169045,50.990338],[5.167092,50.988897],[5.169808,50.988152],[5.167936,50.987695],[5.168818,50.985188],[5.174476,50.986875],[5.184346,50.984099],[5.188863,50.985637],[5.191479,50.985908],[5.192409,50.9838],[5.19173,50.983453],[5.19392,50.980869],[5.19359,50.976975],[5.195614,50.975376],[5.209225,50.975533],[5.214239,50.976269],[5.210414,50.977528],[5.216848,50.980341],[5.221376,50.980885],[5.221653,50.98236],[5.222384,50.982931],[5.224952,50.982525],[5.227502,50.982512],[5.228544,50.982884],[5.228481,50.983739],[5.226429,50.9854],[5.22564,50.987742],[5.22409,50.989604],[5.225237,50.990067],[5.225683,50.991138],[5.232239,50.994723],[5.243034,50.997645],[5.242433,50.999245],[5.243247,50.996791],[5.244113,50.996446],[5.2486,50.996929],[5.249556,50.995784],[5.251847,50.99617],[5.252772,50.995932],[5.254522,50.996799],[5.254855,50.996521],[5.256384,50.997866],[5.257234,50.996953],[5.259931,50.997197],[5.265471,50.999176],[5.26415,50.997607],[5.264265,50.996958],[5.265077,50.996277],[5.264727,50.99526],[5.265811,50.995163],[5.266639,50.994394],[5.273865,50.995409],[5.279031,50.99683],[5.283938,50.999004],[5.287193,50.999696],[5.28793,51.000185],[5.290453,50.999599],[5.291277,50.998537],[5.278851,50.994506],[5.280394,50.992801],[5.276978,50.99049],[5.277144,50.989169],[5.276421,50.987977],[5.271824,50.987166],[5.271547,50.986204],[5.272912,50.98426],[5.271225,50.984085],[5.271016,50.984516],[5.267943,50.984259],[5.268229,50.983645],[5.266273,50.98337],[5.264386,50.981606],[5.266269,50.980298],[5.268346,50.979996],[5.27461,50.981232],[5.274014,50.978277],[5.268973,50.976295],[5.269837,50.974939],[5.271252,50.974353],[5.273167,50.974392],[5.272765,50.973354],[5.278671,50.970585],[5.279405,50.97092],[5.277591,50.969356],[5.277887,50.96988],[5.280566,50.968521],[5.281881,50.966793],[5.281422,50.966171],[5.279943,50.966127],[5.280012,50.964541],[5.27601,50.961847],[5.274763,50.957394],[5.274988,50.956147],[5.276015,50.95502],[5.278897,50.955167],[5.278597,50.95576],[5.280703,50.955823],[5.281547,50.954163],[5.286041,50.954509],[5.292292,50.95434],[5.293643,50.953548],[5.294387,50.951425],[5.296998,50.951921],[5.303204,50.954405],[5.304209,50.953498],[5.30596,50.954737],[5.309068,50.955663],[5.312509,50.954167],[5.311967,50.953737],[5.315392,50.95671],[5.314492,50.957819],[5.316077,50.958586],[5.31766,50.960138],[5.320786,50.961602],[5.323595,50.962289],[5.32984,50.96517],[5.331638,50.963798],[5.332528,50.963818],[5.335546,50.965244],[5.337348,50.965275],[5.337214,50.964484],[5.339953,50.962674],[5.340931,50.960863],[5.342899,50.964576],[5.34758,50.964074],[5.347776,50.964858],[5.350926,50.964641],[5.352359,50.964283],[5.352182,50.963621],[5.355559,50.963332],[5.356841,50.962077],[5.362585,50.959777],[5.367539,50.963615],[5.369317,50.962697],[5.371179,50.963127],[5.37281,50.962062],[5.372639,50.961516],[5.375268,50.960115],[5.376494,50.960838],[5.377341,50.960844],[5.377881,50.964544],[5.379636,50.964559],[5.380424,50.963787],[5.380163,50.963426],[5.381051,50.962914],[5.383048,50.962386],[5.384843,50.963602],[5.388384,50.961916],[5.384701,50.959364],[5.388728,50.956693],[5.39162,50.95538],[5.404696,50.958804],[5.404847,50.959679],[5.406678,50.959738],[5.407442,50.958933],[5.408358,50.955571],[5.408637,50.952015],[5.413296,50.948566],[5.411903,50.947821],[5.414052,50.946104],[5.411624,50.944905],[5.413522,50.94307],[5.413279,50.942657],[5.416075,50.940955],[5.416015,50.940446],[5.416737,50.940038],[5.424864,50.939501],[5.430195,50.939572],[5.430952,50.939212],[5.431665,50.942677],[5.435507,50.94396],[5.437365,50.945206],[5.437768,50.944958],[5.439835,50.94603],[5.441853,50.947293],[5.441347,50.948469],[5.443154,50.949219],[5.440838,50.951907],[5.440394,50.954739],[5.453221,50.956813],[5.452425,50.958811],[5.456728,50.959491],[5.458233,50.955983],[5.46168,50.955942],[5.467274,50.957391],[5.468658,50.958071],[5.46791,50.958782],[5.471908,50.959489],[5.472885,50.960391],[5.47768,50.958251],[5.478961,50.958865],[5.479847,50.956916],[5.483225,50.955256],[5.483572,50.955889],[5.48426,50.955801],[5.485093,50.955302],[5.485668,50.954007],[5.488921,50.954374],[5.491917,50.955787],[5.49271,50.956573],[5.493809,50.955843],[5.493573,50.955411],[5.494942,50.954374],[5.495283,50.953388],[5.497431,50.951859],[5.496901,50.950791],[5.497369,50.94719],[5.498727,50.945745],[5.500163,50.945388],[5.505805,50.947187],[5.509178,50.94618],[5.510108,50.946597],[5.50994,50.946899],[5.513341,50.948341],[5.514206,50.949072],[5.513907,50.949613],[5.518833,50.951328],[5.522527,50.951398],[5.522656,50.95339],[5.527264,50.952816],[5.528219,50.953728],[5.532634,50.956039],[5.534841,50.956498],[5.535551,50.954842],[5.537417,50.9544],[5.536851,50.95358],[5.541012,50.952366],[5.540298,50.950656],[5.54245,50.950725],[5.540883,50.948166],[5.541421,50.947925],[5.542997,50.948892],[5.544515,50.948939],[5.546071,50.948783],[5.549988,50.947348],[5.55114,50.947874],[5.553884,50.945832],[5.55929,50.943365],[5.568043,50.94204],[5.568912,50.938762],[5.569809,50.937413],[5.573487,50.935301],[5.569122,50.932887],[5.572259,50.929747],[5.57143,50.929186],[5.57527,50.923303],[5.570905,50.922405],[5.567783,50.921062],[5.566847,50.921835],[5.564218,50.920826],[5.560401,50.920328],[5.560804,50.918758],[5.558214,50.916787],[5.559299,50.914662],[5.554658,50.914346],[5.556368,50.912962],[5.556094,50.911442],[5.561201,50.912215],[5.56455,50.914186],[5.567833,50.913896],[5.567054,50.912825],[5.566955,50.911349],[5.568998,50.910107],[5.571231,50.910385],[5.5722,50.908968],[5.572875,50.909391],[5.574019,50.908293],[5.575029,50.908827],[5.576114,50.907818],[5.579079,50.909627],[5.581131,50.91002],[5.581667,50.911272],[5.579767,50.911633],[5.580132,50.912379],[5.586609,50.915194],[5.588245,50.91196],[5.590454,50.909927],[5.590325,50.90586],[5.588184,50.904967],[5.589675,50.903527],[5.587075,50.902084],[5.587699,50.901446],[5.590078,50.901406],[5.588221,50.900638],[5.587679,50.899833],[5.584,50.899237],[5.579139,50.897814],[5.581142,50.895619],[5.579224,50.894796],[5.581446,50.892464],[5.58442,50.891185],[5.588265,50.892497],[5.59202,50.891963],[5.593761,50.893977],[5.595562,50.893771],[5.595813,50.89433],[5.593648,50.89528],[5.593199,50.895943],[5.594501,50.897243],[5.597633,50.896878],[5.598599,50.897136],[5.597959,50.895973],[5.606783,50.898504],[5.607332,50.892144],[5.607806,50.891531],[5.610859,50.8915],[5.612939,50.892518],[5.617567,50.893211],[5.623656,50.887862],[5.62341,50.886988],[5.628237,50.88672],[5.629188,50.88738],[5.632891,50.887989],[5.638749,50.891303],[5.640108,50.890379],[5.641947,50.890943],[5.642498,50.890535],[5.643286,50.890949],[5.644029,50.889842],[5.647548,50.890195],[5.649088,50.891246],[5.649931,50.890986],[5.651321,50.889111],[5.652184,50.88871],[5.653518,50.888905],[5.655289,50.88849],[5.655756,50.888855],[5.657212,50.888487],[5.657015,50.888225],[5.658741,50.886748],[5.656104,50.885159],[5.659113,50.887285],[5.677236,50.897539],[5.681072,50.897624],[5.677931,50.892797],[5.681947,50.892823],[5.681527,50.890416],[5.677143,50.885676],[5.675393,50.881846],[5.678172,50.880785],[5.681973,50.874314],[5.686681,50.868508],[5.686025,50.865398],[5.687432,50.863137],[5.687679,50.862307],[5.686549,50.861997],[5.687605,50.860105],[5.68614,50.857046],[5.683803,50.855671],[5.682931,50.855833],[5.683224,50.856108],[5.681698,50.855253],[5.681368,50.854623],[5.679988,50.854626],[5.679906,50.853687],[5.67836,50.853539],[5.67844,50.852373],[5.677323,50.852126],[5.67742,50.85138],[5.676753,50.851391],[5.675872,50.8521],[5.674276,50.851815],[5.676598,50.850462],[5.675932,50.849992],[5.676784,50.849386],[5.675635,50.849294],[5.679006,50.845354],[5.678994,50.843899],[5.679976,50.843866],[5.680118,50.843371],[5.681788,50.843013],[5.682275,50.842513],[5.680627,50.841207],[5.681252,50.840862],[5.680677,50.840374],[5.67903,50.84016],[5.678786,50.838323],[5.676122,50.835249],[5.676344,50.834167],[5.674684,50.833401],[5.674357,50.832061],[5.677058,50.830785],[5.677783,50.831441],[5.681922,50.830267],[5.683,50.830734],[5.685173,50.83087],[5.686682,50.827221],[5.686116,50.826367],[5.686485,50.826218],[5.685953,50.826126],[5.687685,50.825502],[5.687677,50.824703],[5.689461,50.824612],[5.687247,50.816883],[5.685876,50.816251],[5.684689,50.817073],[5.680672,50.815246],[5.681518,50.816898],[5.679847,50.81631],[5.679315,50.815534],[5.679751,50.81332],[5.680519,50.812515],[5.684273,50.813573],[5.68747,50.812101],[5.686996,50.810642],[5.68765,50.808721],[5.677142,50.808115],[5.676014,50.80926],[5.67537,50.809112],[5.67295,50.811013],[5.672073,50.812112],[5.670973,50.812258],[5.671663,50.811792],[5.671513,50.81116],[5.67023,50.809961],[5.668818,50.809437],[5.671047,50.806976],[5.673019,50.805745],[5.67532,50.802008],[5.672322,50.798106],[5.67216,50.796774],[5.670396,50.795991],[5.668666,50.792974],[5.670647,50.792241],[5.671403,50.790754],[5.670022,50.787198],[5.667864,50.783723],[5.665877,50.781863],[5.662489,50.780448],[5.661046,50.779295],[5.660593,50.779956],[5.657947,50.781379],[5.657357,50.781243],[5.652948,50.77817],[5.652348,50.776994],[5.650746,50.776131],[5.642247,50.776678],[5.639456,50.776303],[5.635885,50.774813],[5.633441,50.774822],[5.63089,50.77393],[5.634215,50.771889],[5.634016,50.771209],[5.634643,50.770237],[5.637564,50.773967],[5.64043,50.775108],[5.641274,50.775014],[5.641285,50.773713],[5.643932,50.772722],[5.64513,50.77144],[5.647091,50.770748],[5.64542,50.769202],[5.644595,50.767041],[5.643129,50.766772],[5.642704,50.765932],[5.642304,50.766467],[5.641686,50.766467],[5.637105,50.763487],[5.638611,50.76151],[5.637678,50.760009],[5.636679,50.759338],[5.635205,50.759331],[5.634268,50.75866],[5.633158,50.758744],[5.630806,50.756884],[5.629534,50.754408],[5.628607,50.749082],[5.630529,50.747969],[5.637691,50.746973],[5.639621,50.746052],[5.645798,50.745298],[5.647022,50.742874],[5.6494,50.74058],[5.648074,50.740626],[5.646325,50.739746],[5.644884,50.736062],[5.64272,50.736132],[5.642136,50.732096],[5.646318,50.731807],[5.651795,50.732052],[5.660665,50.736716],[5.663668,50.736232],[5.665819,50.737088],[5.666807,50.736741],[5.66905,50.737153],[5.667911,50.737822],[5.66839,50.739001],[5.669327,50.739052],[5.669682,50.740211],[5.674562,50.739502],[5.675521,50.739635],[5.676069,50.736752],[5.675467,50.735504],[5.678222,50.735391],[5.678077,50.74305],[5.679262,50.744144],[5.680045,50.744009],[5.68022,50.743426],[5.687248,50.742331],[5.688877,50.737166],[5.692739,50.737569],[5.6944,50.732422],[5.695423,50.733225],[5.697114,50.733639],[5.69864,50.732299],[5.701472,50.731181],[5.702546,50.729935],[5.708678,50.72587],[5.717389,50.723393],[5.719157,50.722214],[5.719573,50.719188],[5.723173,50.719466],[5.723765,50.718578],[5.723799,50.716671],[5.725144,50.713885],[5.723897,50.713729],[5.723692,50.712852],[5.722958,50.712755],[5.723978,50.711632],[5.723883,50.710249],[5.72157,50.707953],[5.722568,50.705869],[5.722909,50.703131],[5.722652,50.702917],[5.720663,50.704733],[5.717123,50.706173],[5.715266,50.70443],[5.71327,50.703846],[5.712139,50.704262],[5.710081,50.704052],[5.706694,50.700313],[5.706045,50.698948],[5.704058,50.697366],[5.703368,50.695746],[5.701565,50.696086],[5.700869,50.695497],[5.697885,50.69616],[5.697897,50.695914],[5.695797,50.696008],[5.69477,50.696434],[5.695294,50.697159],[5.693914,50.696868],[5.693783,50.693223],[5.693031,50.692017],[5.689128,50.690089],[5.689206,50.687323],[5.689781,50.687015],[5.689348,50.684978],[5.686999,50.68232],[5.686623,50.681075],[5.684094,50.678953],[5.683191,50.67667],[5.682487,50.676828],[5.68185,50.676301],[5.68168,50.675464],[5.682403,50.673892],[5.680888,50.673032],[5.681088,50.67234],[5.682836,50.671874],[5.683189,50.669037],[5.684102,50.667908],[5.685604,50.668117],[5.686484,50.666947],[5.686239,50.665831],[5.685558,50.665417],[5.683557,50.665751],[5.682774,50.665295],[5.682917,50.661403],[5.681067,50.660039],[5.681561,50.659427],[5.682204,50.659513],[5.681997,50.65642],[5.683359,50.656324],[5.683554,50.654866],[5.684507,50.653622],[5.689248,50.65293],[5.69067,50.653223],[5.691252,50.653865],[5.692804,50.654341],[5.696375,50.652362],[5.701451,50.651307],[5.702452,50.649322],[5.703548,50.649195],[5.709285,50.645901],[5.713577,50.642154],[5.714763,50.637987],[5.709784,50.635395],[5.707045,50.635197],[5.711806,50.631717],[5.717685,50.628662],[5.712607,50.626965],[5.712827,50.626259],[5.714131,50.625194],[5.713738,50.625073],[5.715046,50.622184],[5.719639,50.618682],[5.720209,50.617749],[5.721254,50.617378],[5.72409,50.613864],[5.722516,50.612719],[5.72135,50.610905],[5.720156,50.610524],[5.719406,50.608474],[5.716676,50.607728],[5.725177,50.605901],[5.728294,50.60659],[5.729661,50.605796],[5.731392,50.605759],[5.732327,50.605008],[5.730425,50.603552],[5.726699,50.602246],[5.725728,50.601305],[5.723497,50.600867],[5.722174,50.599115],[5.722153,50.597891],[5.720826,50.596431],[5.720522,50.594496],[5.722536,50.593475],[5.726683,50.593961],[5.728289,50.593795],[5.740999,50.590784],[5.743401,50.591993],[5.744171,50.591987],[5.746066,50.590976],[5.746927,50.591673],[5.748373,50.590613],[5.749818,50.590793],[5.752943,50.584852],[5.748533,50.584276],[5.745803,50.583006],[5.744451,50.582859],[5.743255,50.580579],[5.741116,50.580509],[5.741103,50.579958],[5.743208,50.58011],[5.744248,50.580606],[5.745155,50.58021],[5.744842,50.580317],[5.743898,50.578894],[5.743145,50.575764],[5.739992,50.575139],[5.737028,50.573669],[5.737035,50.572924],[5.738991,50.571486],[5.737025,50.570026],[5.738153,50.56911],[5.73711,50.565218],[5.737522,50.56268],[5.735705,50.562538],[5.732171,50.561438],[5.731154,50.563063],[5.727389,50.563499],[5.725225,50.564861],[5.723673,50.564834],[5.723951,50.564647],[5.722905,50.563744],[5.72291,50.563514],[5.7237,50.563802],[5.723754,50.563516],[5.722797,50.561085],[5.72294,50.560134],[5.725576,50.555864],[5.733293,50.554767],[5.734372,50.553915],[5.737556,50.553496],[5.740524,50.551294],[5.744049,50.550838],[5.743866,50.549372],[5.745617,50.548008],[5.745953,50.545151],[5.748715,50.541764],[5.749606,50.53964],[5.752258,50.539255],[5.753812,50.536742],[5.756274,50.535866],[5.760957,50.533144],[5.761802,50.532241],[5.76269,50.532292],[5.765944,50.530589],[5.767158,50.530433],[5.768419,50.527296],[5.766973,50.526212],[5.766459,50.525178],[5.767881,50.522739],[5.770427,50.520304],[5.770811,50.519542],[5.770132,50.519225],[5.773134,50.516655],[5.774543,50.515807],[5.7766,50.515344],[5.78094,50.512539],[5.781308,50.511828],[5.783628,50.511393],[5.783143,50.510783],[5.784446,50.51013],[5.786525,50.50754],[5.786056,50.50526],[5.787757,50.502869],[5.788505,50.502576],[5.787511,50.500297],[5.788353,50.499494],[5.788255,50.497878],[5.789558,50.496966],[5.79145,50.493795],[5.790973,50.491119],[5.791809,50.490271],[5.791494,50.489446],[5.792996,50.488898],[5.795667,50.488871],[5.795598,50.488344],[5.80498,50.486198],[5.805551,50.485205],[5.809788,50.481485],[5.811299,50.480714],[5.813042,50.478742],[5.813949,50.478437],[5.815344,50.478777],[5.817721,50.477769],[5.818354,50.478736],[5.818702,50.478644],[5.819605,50.476797],[5.818076,50.475581],[5.819206,50.475032],[5.819565,50.474053],[5.821782,50.473926],[5.822695,50.472969],[5.825746,50.471581],[5.826767,50.471172],[5.82812,50.471259],[5.829914,50.470586],[5.833315,50.471348],[5.83839,50.471241],[5.841214,50.467746],[5.845685,50.466321],[5.848868,50.463136],[5.849817,50.464608],[5.849686,50.465584],[5.850756,50.468101],[5.851944,50.468991],[5.851695,50.469763],[5.854407,50.471841],[5.855966,50.475161],[5.855578,50.475443],[5.854712,50.475145],[5.853971,50.476353],[5.85435,50.476893],[5.853197,50.477526],[5.854787,50.479461],[5.8574,50.480114],[5.857483,50.480654],[5.858564,50.481359],[5.859188,50.483337],[5.859805,50.483508],[5.859171,50.485598],[5.857935,50.486203],[5.859233,50.487559],[5.859048,50.489085],[5.863055,50.492287],[5.864916,50.492395],[5.866502,50.492126],[5.866709,50.490774],[5.868201,50.488708],[5.868932,50.485122],[5.870927,50.485037],[5.872767,50.485544],[5.874556,50.485381],[5.875833,50.483829],[5.877899,50.48342],[5.879065,50.482423],[5.88071,50.482242],[5.880493,50.480327],[5.881818,50.479388],[5.885326,50.477837],[5.885716,50.477145],[5.887118,50.477081],[5.889899,50.47582],[5.89195,50.475358],[5.893495,50.472973],[5.904013,50.47134],[5.90109,50.468582],[5.895748,50.465807],[5.89899,50.459985],[5.9006,50.45866],[5.899814,50.457732],[5.899206,50.457746],[5.899349,50.458157],[5.898478,50.458992],[5.897305,50.45875],[5.894228,50.459003],[5.892574,50.459834],[5.889221,50.459651],[5.887573,50.460184],[5.886492,50.460044],[5.887711,50.459197],[5.888038,50.456756],[5.890036,50.453344],[5.888654,50.443591],[5.889475,50.442234],[5.890657,50.441615],[5.890753,50.439163],[5.892311,50.438195],[5.89102,50.437395],[5.891882,50.436797],[5.894409,50.436659],[5.89666,50.43556],[5.896449,50.434381],[5.898105,50.434262],[5.899563,50.43274],[5.900132,50.433006],[5.900131,50.432732],[5.901731,50.432413],[5.903538,50.432553],[5.902139,50.427581],[5.903988,50.427265],[5.904184,50.426329],[5.904789,50.42601],[5.908516,50.426137],[5.906262,50.422535],[5.908845,50.420638],[5.912868,50.41661],[5.917426,50.410222],[5.919952,50.408818],[5.916904,50.405035],[5.919338,50.40466],[5.920678,50.404867],[5.921284,50.404573],[5.925329,50.397903],[5.930174,50.394592],[5.931642,50.391812],[5.932749,50.391447],[5.936111,50.391322],[5.936997,50.390152],[5.938848,50.388979],[5.937194,50.38654],[5.937194,50.384919],[5.943794,50.384659],[5.945516,50.384269],[5.945562,50.38368],[5.947877,50.382579],[5.95015,50.380377],[5.950856,50.378828],[5.952435,50.377455],[5.956129,50.371978],[5.960115,50.368111],[5.959986,50.363183],[5.959051,50.362517],[5.959911,50.362383],[5.960913,50.356479],[5.962357,50.354375],[5.966525,50.350806],[5.966038,50.349469],[5.962097,50.344746],[5.961801,50.342436],[5.961303,50.342499],[5.9622,50.341786],[5.960109,50.338317],[5.960814,50.335388],[5.963497,50.330376],[5.964968,50.323511],[5.962706,50.322733],[5.960644,50.323136],[5.95587,50.322812],[5.946656,50.319691],[5.940834,50.315384],[5.936821,50.310435],[5.930684,50.307091],[5.923011,50.300482],[5.918064,50.298779],[5.916142,50.295122],[5.915417,50.289707],[5.914337,50.288043],[5.915145,50.287286],[5.916032,50.287177],[5.917676,50.285292],[5.919285,50.284225],[5.921202,50.280376],[5.923305,50.27785],[5.925459,50.276196],[5.92869,50.275964],[5.930171,50.2751],[5.938352,50.274774],[5.940636,50.274091],[5.943475,50.274586],[5.936862,50.269242],[5.937998,50.267204],[5.937059,50.265321],[5.939913,50.26541],[5.942265,50.263566],[5.944312,50.263524],[5.945192,50.262694],[5.946377,50.259906],[5.947135,50.259541],[5.950993,50.260195],[5.956025,50.259896],[5.960348,50.25913],[5.966982,50.259467],[5.969728,50.258922],[5.981573,50.257872],[5.990134,50.254635],[5.99655,50.25375],[5.997733,50.252905],[5.997756,50.251955],[5.999519,50.25208],[6.00054,50.253208],[6.00224,50.253147],[6.004019,50.253836],[6.007659,50.254502],[6.008297,50.25553],[6.010206,50.256413],[6.012129,50.25597],[6.012699,50.255498],[6.015943,50.25567],[6.024808,50.253811],[6.030721,50.253351],[6.034532,50.252248],[6.037797,50.252668],[6.03836,50.252285],[6.04209,50.251671],[6.045069,50.250286],[6.052485,50.245809],[6.055266,50.245113],[6.057757,50.245063],[6.058595,50.244259],[6.058154,50.243196],[6.059081,50.243034],[6.060478,50.241528],[6.061699,50.241225],[6.062651,50.240364],[6.066374,50.241572],[6.067701,50.241197],[6.071413,50.241378],[6.072489,50.240392],[6.076048,50.242387],[6.077789,50.242992],[6.080181,50.243233],[6.081139,50.243892],[6.081458,50.243059],[6.080579,50.242135],[6.080369,50.241035],[6.0809,50.239214],[6.078774,50.236273],[6.078958,50.235099],[6.077571,50.233432],[6.078743,50.231478],[6.082033,50.229827],[6.086363,50.230341],[6.086617,50.229745],[6.089612,50.228931],[6.101373,50.229143],[6.098246,50.226104],[6.097256,50.22346],[6.098219,50.222382],[6.099727,50.222116],[6.100945,50.221285],[6.103684,50.221017],[6.108811,50.218061],[6.110305,50.215876],[6.110126,50.213775],[6.11093,50.213097],[6.113521,50.212233],[6.117485,50.209216],[6.115941,50.206786],[6.116864,50.205104],[6.116697,50.204234],[6.115684,50.202967],[6.114452,50.202423],[6.118175,50.201478],[6.123246,50.201876],[6.124379,50.201092],[6.125904,50.201213],[6.128037,50.200806],[6.129385,50.200298],[6.130719,50.198349],[6.131588,50.198775],[6.134298,50.19753],[6.133575,50.196807],[6.134025,50.195709],[6.136177,50.195474],[6.135262,50.194836],[6.135508,50.194359],[6.136868,50.19431],[6.13486,50.193748],[6.134466,50.192615],[6.135106,50.190509],[6.136684,50.188656],[6.137112,50.186194],[6.132537,50.182596],[6.132243,50.18191],[6.132843,50.180071],[6.13654,50.17857],[6.138148,50.176575],[6.130814,50.175499],[6.128866,50.173656],[6.122871,50.171659],[6.12017,50.171568],[6.115655,50.173381],[6.114506,50.173533],[6.113933,50.17289],[6.117902,50.170582],[6.11768,50.168294],[6.119084,50.167896],[6.119068,50.16524],[6.120246,50.162032],[6.12182,50.159874],[6.122422,50.156965],[6.123784,50.154918],[6.128583,50.151832],[6.132131,50.150669],[6.135659,50.147237],[6.135446,50.146562],[6.132074,50.146602],[6.135663,50.145733],[6.136848,50.144522],[6.138181,50.144477],[6.139936,50.14287],[6.138645,50.141152],[6.1364,50.140779],[6.135836,50.140346],[6.133784,50.14038],[6.135259,50.136124],[6.137621,50.135081],[6.136752,50.132352],[6.137274,50.131001],[6.135746,50.129722],[6.136426,50.126789],[6.136028,50.124564],[6.135142,50.123749],[6.130104,50.12246],[6.127525,50.117526],[6.127619,50.11624],[6.129368,50.114079],[6.133541,50.113371],[6.13288,50.111954],[6.131152,50.110418],[6.130512,50.108323],[6.130745,50.106373],[6.134015,50.104822],[6.134142,50.103995],[6.131297,50.103152],[6.12849,50.103863],[6.125489,50.101374],[6.125392,50.099398],[6.127664,50.095681],[6.127728,50.093807],[6.122256,50.093896],[6.119103,50.091731],[6.118197,50.086684],[6.11973,50.084345],[6.119661,50.080863],[6.115088,50.075623],[6.114982,50.074032],[6.11693,50.072403],[6.118218,50.072069],[6.11979,50.071915],[6.121544,50.072259],[6.122942,50.074274],[6.125084,50.075302],[6.126297,50.075402],[6.12723,50.07501],[6.128162,50.074007],[6.126919,50.072268],[6.125449,50.071183],[6.121014,50.068951],[6.119868,50.065821],[6.112212,50.066181],[6.113296,50.064973],[6.111452,50.06071],[6.112209,50.060515],[6.112182,50.059099],[6.113862,50.057602],[6.116032,50.05659],[6.11676,50.055115],[6.118694,50.055233],[6.120919,50.056254],[6.119564,50.054501],[6.120541,50.052426],[6.121556,50.051468],[6.125642,50.049542],[6.127499,50.046825],[6.130256,50.044624],[6.131877,50.041344],[6.132116,50.038687],[6.131734,50.037805],[6.130162,50.036868],[6.129445,50.035549],[6.128506,50.032271],[6.128985,50.030882],[6.127899,50.029338],[6.126974,50.029229],[6.1262,50.02847],[6.126383,50.02674],[6.125913,50.025598],[6.127391,50.025019],[6.129089,50.022986],[6.127419,50.021996],[6.126882,50.021167],[6.129786,50.021675],[6.129929,50.021415],[6.127307,50.020658],[6.124028,50.021316],[6.127449,50.019914],[6.131107,50.020476],[6.132341,50.019791],[6.130084,50.019876],[6.127464,50.019124],[6.128262,50.016881],[6.130865,50.01453],[6.134107,50.012785],[6.133206,50.012469],[6.134001,50.012335],[6.133865,50.012],[6.135946,50.01174],[6.138367,50.010419],[6.140762,50.009824],[6.142151,50.008784],[6.141616,50.008779],[6.141453,50.008316],[6.141969,50.007498],[6.14388,50.006409],[6.142959,50.006271],[6.147262,50.00488],[6.144858,50.003104],[6.144777,50.001271],[6.141257,50.00158],[6.136885,50.00087],[6.136371,50.001093],[6.135559,50.000393],[6.134772,49.998714],[6.131221,49.995079],[6.131361,49.993778],[6.129949,49.991263],[6.129511,49.989131],[6.126494,49.986853],[6.130843,49.988052],[6.131828,49.988928],[6.136071,49.990721],[6.137829,49.990974],[6.139625,49.990715],[6.141572,49.991097],[6.143115,49.991031],[6.144831,49.99032],[6.148549,49.989691],[6.148559,49.989232],[6.147652,49.989118],[6.14795,49.988766],[6.150746,49.988225],[6.151811,49.987592],[6.153746,49.987525],[6.155918,49.986474],[6.157188,49.986259],[6.158762,49.986643],[6.158778,49.986298],[6.159354,49.986799],[6.161646,49.987007],[6.168586,49.985343],[6.168966,49.984748],[6.168378,49.983449],[6.16769,49.983868],[6.168282,49.984107],[6.165595,49.983665],[6.167041,49.98338],[6.165237,49.982327],[6.164737,49.980485],[6.162556,49.979735],[6.163824,49.979315],[6.163341,49.978385],[6.164253,49.977849],[6.163235,49.97777],[6.163999,49.977078],[6.162633,49.977121],[6.162013,49.976361],[6.162362,49.976224],[6.16104,49.9762],[6.160449,49.974121],[6.158711,49.973062],[6.160853,49.973098],[6.161744,49.97248],[6.162139,49.970922],[6.164099,49.967799],[6.164989,49.967557],[6.164398,49.969618],[6.165641,49.968659],[6.16795,49.964333],[6.169587,49.963244],[6.167034,49.961312],[6.169505,49.962171],[6.171168,49.961337],[6.170935,49.961103],[6.169425,49.961468],[6.16984,49.960765],[6.168825,49.959573],[6.168873,49.958081],[6.168202,49.958744],[6.165079,49.956428],[6.163191,49.954348],[6.162882,49.953257],[6.163835,49.952124],[6.16256,49.95053],[6.164719,49.950555],[6.165869,49.948565],[6.166365,49.948471],[6.167145,49.949414],[6.166634,49.9477],[6.163834,49.947419],[6.16556,49.946883],[6.167381,49.946903],[6.169533,49.948725],[6.17092,49.949158],[6.178662,49.946871],[6.179953,49.946888],[6.183051,49.948062],[6.182291,49.948291],[6.184592,49.950047],[6.189999,49.950731],[6.191378,49.950447],[6.190968,49.949536],[6.192187,49.94834],[6.189783,49.946575],[6.193328,49.946957],[6.195137,49.947654],[6.195596,49.948278],[6.195601,49.947347],[6.191966,49.945176],[6.192966,49.945054],[6.193099,49.944053],[6.19661,49.94523],[6.197599,49.944779],[6.196903,49.944404],[6.197145,49.942835],[6.198802,49.941891],[6.199451,49.94079],[6.199421,49.939567],[6.200572,49.938619],[6.201005,49.93651],[6.202186,49.936883],[6.201598,49.935742],[6.200334,49.935614],[6.200827,49.933316],[6.202335,49.931193],[6.205069,49.930944],[6.205608,49.931621],[6.207851,49.931578],[6.212533,49.930213],[6.219011,49.929747],[6.219527,49.929209],[6.220705,49.928994],[6.22142,49.928411],[6.220302,49.927302],[6.216994,49.926124],[6.216661,49.924887],[6.217115,49.923393],[6.218795,49.922148],[6.222116,49.921148],[6.222725,49.920266],[6.222012,49.919236],[6.223387,49.919848],[6.226331,49.917397],[6.225817,49.91312],[6.226917,49.912054],[6.226279,49.911046],[6.221674,49.909451],[6.220137,49.908303],[6.217018,49.907745],[6.212599,49.905712],[6.211372,49.902901],[6.209344,49.900212],[6.206836,49.898717],[6.207714,49.897934],[6.215961,49.900002],[6.219367,49.896096],[6.22112,49.895084],[6.221077,49.894484],[6.221895,49.89408],[6.221804,49.892896],[6.224163,49.892837],[6.226692,49.892231],[6.223126,49.891187],[6.220791,49.891433],[6.219341,49.891217],[6.215647,49.889879],[6.212625,49.887671],[6.209853,49.887192],[6.207715,49.885939],[6.205949,49.884147],[6.200626,49.881232],[6.199876,49.879897],[6.199978,49.879636],[6.202118,49.879524],[6.204994,49.879817],[6.200686,49.878352],[6.197115,49.878336],[6.19677,49.878131],[6.197185,49.877781],[6.196451,49.877945],[6.193974,49.873524],[6.197439,49.87321],[6.193909,49.872009],[6.190342,49.872224],[6.18752,49.870984],[6.181031,49.869517],[6.182039,49.86544],[6.179867,49.863656],[6.178927,49.862279],[6.181966,49.859889],[6.184711,49.861488],[6.188589,49.862306],[6.191169,49.863502],[6.193512,49.864002],[6.203565,49.864544],[6.203417,49.863702],[6.201604,49.863013],[6.201469,49.86123],[6.202726,49.861577],[6.204391,49.860866],[6.206216,49.860781],[6.209123,49.859961],[6.209727,49.859102],[6.210942,49.858631],[6.212495,49.856473],[6.215395,49.857154],[6.215828,49.853552],[6.216592,49.853154],[6.218549,49.853042],[6.220196,49.85359],[6.229732,49.858446],[6.231357,49.853912],[6.234037,49.850669],[6.236341,49.850667],[6.235374,49.84993],[6.232656,49.849532],[6.234916,49.849566],[6.234827,49.849136],[6.232828,49.848404],[6.234423,49.843255],[6.23591,49.842925],[6.2397,49.843322],[6.242938,49.845122],[6.244325,49.84451],[6.245343,49.844555],[6.246114,49.84508],[6.247437,49.844673],[6.248928,49.84274],[6.248948,49.840741],[6.24647,49.838862],[6.243466,49.835682],[6.243899,49.835379],[6.245246,49.835694],[6.248113,49.835102],[6.249259,49.833963],[6.251087,49.835119],[6.253918,49.835988],[6.257402,49.838811],[6.257824,49.84011],[6.259011,49.841426],[6.258672,49.841592],[6.259604,49.844408],[6.261906,49.845637],[6.266109,49.841952],[6.268078,49.841337],[6.270492,49.841605],[6.271132,49.842161],[6.273989,49.842918],[6.276754,49.842535],[6.279553,49.840357],[6.282668,49.839714],[6.285805,49.836326],[6.286803,49.836257],[6.285773,49.837027],[6.287538,49.83669],[6.287089,49.835451],[6.288342,49.834621],[6.287809,49.833386],[6.286682,49.833165],[6.287121,49.832452],[6.291318,49.82993],[6.297819,49.82715],[6.297977,49.825954],[6.296416,49.82457],[6.296098,49.823029],[6.297347,49.822177],[6.299774,49.82231],[6.304461,49.823411],[6.308134,49.823851],[6.310465,49.823026],[6.311493,49.823216],[6.310605,49.823424],[6.312476,49.823834],[6.313195,49.824584],[6.315236,49.824939],[6.317853,49.824421],[6.319275,49.823648],[6.323907,49.830876],[6.324162,49.832435],[6.327377,49.833741],[6.328788,49.835159],[6.330014,49.83475],[6.329756,49.833901],[6.330852,49.83313],[6.331416,49.833627],[6.333542,49.833875],[6.333549,49.834709],[6.334857,49.836014],[6.336673,49.83617],[6.336924,49.835305],[6.339754,49.83638],[6.339267,49.835604],[6.340224,49.835642],[6.340221,49.834501],[6.340821,49.834529],[6.341639,49.833754],[6.343318,49.833181],[6.34477,49.831094],[6.342326,49.829532],[6.338891,49.829007],[6.338842,49.827994],[6.337776,49.827528],[6.338286,49.824366],[6.338604,49.824063],[6.340239,49.824503],[6.344527,49.824759],[6.345024,49.823052],[6.347924,49.822894],[6.349329,49.821382],[6.349224,49.820646],[6.35318,49.818448],[6.355839,49.816029],[6.359037,49.816301],[6.359159,49.815201],[6.367342,49.815785],[6.371494,49.817398],[6.375349,49.817924],[6.376726,49.816995],[6.379166,49.816657],[6.384742,49.817347],[6.38897,49.816994],[6.393217,49.817923],[6.395903,49.818008],[6.399212,49.816434],[6.404797,49.815769],[6.409436,49.814547],[6.411743,49.814448],[6.41166,49.813978],[6.412491,49.81377],[6.414733,49.814383],[6.415271,49.81354],[6.415813,49.814953],[6.416834,49.815492],[6.42015,49.81235],[6.421058,49.813092],[6.422237,49.812848],[6.425627,49.813203],[6.426818,49.811144],[6.428593,49.810318],[6.431757,49.810328],[6.435531,49.812542],[6.439357,49.813632],[6.441503,49.81304],[6.44317,49.81122],[6.446687,49.810316],[6.447289,49.809022],[6.448248,49.808382],[6.451299,49.807582],[6.452986,49.807829],[6.453843,49.807068],[6.45809,49.808623],[6.462123,49.811017],[6.465907,49.812538],[6.466793,49.813346],[6.468743,49.813638],[6.469279,49.813194],[6.473011,49.8125],[6.475071,49.811664],[6.477336,49.8116],[6.478653,49.810797],[6.480943,49.810455],[6.483261,49.808895],[6.484538,49.808823],[6.48601,49.807988],[6.490177,49.807663],[6.490462,49.808512],[6.489398,49.809858],[6.490432,49.810155],[6.49229,49.809757],[6.495005,49.808299],[6.496157,49.808205],[6.497103,49.808618],[6.497417,49.808051],[6.499821,49.808475],[6.50295,49.805392],[6.501627,49.805306],[6.498677,49.80388],[6.497824,49.802327],[6.496327,49.802676],[6.496032,49.803074],[6.494438,49.800199],[6.495524,49.797496],[6.495351,49.796093],[6.497666,49.79406],[6.49883,49.791179],[6.499511,49.791002],[6.499811,49.787393],[6.500783,49.786522],[6.500759,49.785695],[6.499648,49.784564],[6.498503,49.784831],[6.496798,49.784668],[6.490775,49.781364],[6.48675,49.780933],[6.486327,49.77993],[6.488537,49.778459],[6.491287,49.778421],[6.489974,49.777922],[6.490943,49.776676],[6.491572,49.773562],[6.491001,49.772185],[6.488608,49.770051],[6.488581,49.769514],[6.489079,49.769983],[6.490049,49.769143],[6.493168,49.769188],[6.495105,49.769636],[6.498359,49.768601],[6.500202,49.768829],[6.506085,49.766506],[6.506636,49.76587],[6.510963,49.763865],[6.511045,49.763334],[6.507839,49.761455],[6.507106,49.760192],[6.50272,49.759008],[6.497152,49.756087],[6.496415,49.754848],[6.497506,49.75444],[6.496878,49.750292],[6.497605,49.750054],[6.497882,49.749376],[6.497128,49.74778],[6.49853,49.746372],[6.49745,49.745632],[6.494543,49.745557],[6.494496,49.745295],[6.495805,49.745507],[6.49758,49.744987],[6.495557,49.742482],[6.494736,49.739544],[6.492522,49.740113],[6.491362,49.73837],[6.487046,49.738595],[6.481116,49.739611],[6.480701,49.740786],[6.479064,49.738582],[6.485597,49.734663],[6.487518,49.732784],[6.491095,49.73033],[6.492311,49.731854],[6.499863,49.73258],[6.506118,49.727668],[6.509032,49.72578],[6.510425,49.725383],[6.510086,49.724577],[6.509259,49.724534],[6.50602,49.726152],[6.501108,49.727184],[6.497197,49.726901],[6.495878,49.726459],[6.494595,49.725245],[6.494493,49.724433],[6.495687,49.722827],[6.50073,49.719048],[6.505554,49.716563],[6.506255,49.715324],[6.506069,49.713715],[6.50052,49.712831],[6.498055,49.711623],[6.492649,49.707787],[6.482431,49.699346],[6.480804,49.698598],[6.478539,49.698969],[6.476777,49.699798],[6.477869,49.700718],[6.477609,49.702286],[6.476328,49.70317],[6.47771,49.703908],[6.476528,49.707587],[6.474516,49.708061],[6.471608,49.709898],[6.471591,49.710599],[6.469803,49.710338],[6.468535,49.711616],[6.466227,49.711852],[6.464437,49.712825],[6.463088,49.712396],[6.461021,49.712928],[6.458639,49.712949],[6.456759,49.714483],[6.457491,49.712945],[6.459418,49.712376],[6.459766,49.711646],[6.458903,49.712049],[6.45617,49.712128],[6.455023,49.71179],[6.455058,49.711399],[6.450077,49.712926],[6.447093,49.713103],[6.445147,49.71223],[6.446536,49.711314],[6.446247,49.710664],[6.445347,49.710826],[6.444558,49.709903],[6.438637,49.709736],[6.43787,49.709404],[6.436632,49.707256],[6.434792,49.706891],[6.433189,49.707322],[6.427318,49.707273],[6.425538,49.707724],[6.42386,49.707376],[6.424873,49.704415],[6.424322,49.701844],[6.42969,49.697918],[6.425918,49.696072],[6.420102,49.6921],[6.420787,49.691224],[6.422487,49.690926],[6.42366,49.690234],[6.424704,49.688309],[6.429783,49.687721],[6.430795,49.686922],[6.430598,49.685795],[6.431591,49.683961],[6.433991,49.683613],[6.435489,49.684214],[6.441119,49.682217],[6.441329,49.681611],[6.439108,49.679884],[6.437445,49.679468],[6.437141,49.679004],[6.434712,49.678053],[6.433043,49.676159],[6.43337,49.675961],[6.432722,49.674675],[6.431166,49.673065],[6.4267,49.67053],[6.42526,49.671059],[6.424433,49.670537],[6.424152,49.669906],[6.424768,49.669722],[6.420689,49.665941],[6.421093,49.665332],[6.419912,49.664368],[6.42061,49.664285],[6.420532,49.663805],[6.421387,49.663025],[6.421442,49.658942],[6.422619,49.658901],[6.423753,49.658142],[6.423624,49.658801],[6.428052,49.658097],[6.430457,49.658425],[6.431514,49.658108],[6.432853,49.658567],[6.43405,49.659656],[6.436577,49.65931],[6.43713,49.658944],[6.436482,49.658028],[6.437605,49.655316],[6.437315,49.65353],[6.435183,49.651512],[6.432822,49.650448],[6.430131,49.648434],[6.426051,49.644302],[6.425154,49.643209],[6.424878,49.639552],[6.423862,49.637273],[6.422684,49.637297],[6.417856,49.631439],[6.41976,49.63016],[6.419915,49.628276],[6.421851,49.627917],[6.42157,49.627323],[6.418304,49.626737],[6.414954,49.627622],[6.41476,49.626736],[6.413355,49.626832],[6.416331,49.625235],[6.414738,49.621375],[6.413743,49.621807],[6.413909,49.622246],[6.40664,49.615452],[6.405893,49.614213],[6.403537,49.615099],[6.402683,49.615027],[6.403857,49.613791],[6.402696,49.614116],[6.402244,49.613147],[6.398755,49.613754],[6.398475,49.613519],[6.397761,49.612429],[6.399267,49.611164],[6.401755,49.610179],[6.396843,49.603664],[6.394346,49.602402],[6.392083,49.601894],[6.390202,49.601758],[6.388902,49.602102],[6.388054,49.601819],[6.388928,49.600842],[6.386472,49.600637],[6.386124,49.601656],[6.383554,49.601399],[6.382852,49.601026],[6.375738,49.594699],[6.371966,49.589796],[6.369933,49.587936],[6.367322,49.587653],[6.365858,49.587088],[6.363919,49.587099],[6.363836,49.586131],[6.358778,49.585465],[6.359019,49.581997],[6.359442,49.580814],[6.360024,49.58066],[6.360107,49.579623],[6.358295,49.578459],[6.358954,49.578131],[6.355597,49.576006],[6.352399,49.575827],[6.348479,49.573609],[6.351667,49.570118],[6.356006,49.566581],[6.363101,49.563632],[6.364607,49.563794],[6.364518,49.562843],[6.366577,49.556925],[6.366561,49.555591],[6.364712,49.552159],[6.366323,49.553149],[6.368561,49.553104],[6.36957,49.552644],[6.369845,49.551694],[6.371077,49.550674],[6.373912,49.549952],[6.376075,49.5483],[6.370555,49.544615],[6.367375,49.546338],[6.362322,49.543944],[6.361132,49.543957],[6.359406,49.543283],[6.356434,49.541523],[6.353801,49.539197],[6.351312,49.537861],[6.351832,49.537219],[6.347333,49.535254],[6.350133,49.534856],[6.346386,49.534242],[6.344846,49.534515],[6.344049,49.535319],[6.343438,49.535064],[6.341279,49.533407],[6.340382,49.531977],[6.337861,49.531374],[6.336485,49.53046],[6.33799,49.528107],[6.335382,49.526895],[6.332863,49.527245],[6.330497,49.526372],[6.330354,49.525437],[6.331968,49.524961],[6.332758,49.523825],[6.333757,49.524401],[6.334714,49.523684],[6.339282,49.523679],[6.339372,49.523414],[6.342053,49.524149],[6.343064,49.521751],[6.344379,49.520689],[6.345753,49.520547],[6.346167,49.51794],[6.34703,49.517329],[6.349349,49.517237],[6.349015,49.516169],[6.346954,49.514272],[6.347177,49.513666],[6.348455,49.513287],[6.348626,49.512821],[6.348039,49.512269],[6.344611,49.511042],[6.347685,49.51121],[6.347733,49.509992],[6.349298,49.509651],[6.350125,49.506909],[6.351508,49.506194],[6.349532,49.504843],[6.352551,49.501917],[6.350246,49.499958],[6.348897,49.49952],[6.348508,49.498509],[6.347497,49.49787],[6.349466,49.498043],[6.350106,49.49779],[6.349925,49.496268],[6.348271,49.494855],[6.346872,49.494368],[6.345157,49.494435],[6.345259,49.493437],[6.347305,49.492888],[6.34827,49.493069],[6.346849,49.490936],[6.346925,49.490282],[6.350658,49.489187],[6.350988,49.488613],[6.351567,49.487449],[6.35227,49.480751],[6.354346,49.479597],[6.355172,49.480518],[6.357961,49.478506],[6.359466,49.478137],[6.36151,49.478455],[6.361335,49.477513],[6.365247,49.477304],[6.364918,49.476074],[6.364056,49.476483],[6.362265,49.475989],[6.363786,49.475972],[6.364379,49.475133],[6.363485,49.474853],[6.363288,49.473842],[6.362722,49.473774],[6.361494,49.472396],[6.359363,49.471604],[6.358301,49.470768],[6.357581,49.470807],[6.358548,49.46949],[6.357165,49.469303],[6.356364,49.468272],[6.359789,49.465427],[6.361061,49.466239],[6.362129,49.466283],[6.363906,49.464902],[6.363689,49.466948],[6.364847,49.468531],[6.364903,49.466018],[6.366292,49.463754],[6.366737,49.46376],[6.365762,49.466717],[6.366866,49.471496],[6.366419,49.471724],[6.368645,49.471577],[6.366735,49.470611],[6.366866,49.471496],[6.366419,49.471724],[6.372275,49.471181],[6.371728,49.466804],[6.371224,49.466839],[6.371172,49.467474],[6.37044,49.465921],[6.373342,49.456782],[6.373654,49.455059],[6.372945,49.45307],[6.370645,49.44964],[6.36484,49.446264],[6.360985,49.443434],[6.361415,49.442714],[6.360245,49.442368],[6.35943,49.439821],[6.360522,49.438275],[6.360403,49.437634],[6.362401,49.435546],[6.363163,49.433749],[6.362797,49.432734],[6.363937,49.431449],[6.365153,49.428411],[6.366128,49.42844],[6.366304,49.427596],[6.367045,49.42806],[6.366558,49.431783],[6.367489,49.432732],[6.367574,49.431622],[6.369144,49.429008],[6.373596,49.424229],[6.376595,49.4228],[6.380968,49.422526],[6.380201,49.420618],[6.384578,49.417508],[6.385778,49.41567],[6.387271,49.414968],[6.38601,49.411735],[6.384458,49.409966],[6.383682,49.405611],[6.385512,49.402022],[6.385978,49.399443],[6.389651,49.395726],[6.390707,49.390067],[6.389578,49.389615],[6.38659,49.386468],[6.3847,49.385467],[6.384551,49.382922],[6.378386,49.375382],[6.379318,49.37493],[6.385055,49.374429],[6.386872,49.373867],[6.388146,49.372989],[6.392466,49.371715],[6.40319,49.369485],[6.405091,49.367947],[6.406219,49.3663],[6.40588,49.364268],[6.406379,49.362375],[6.396106,49.358457],[6.384699,49.350567],[6.384847,49.348784],[6.383623,49.346998],[6.386125,49.345342],[6.387025,49.344073],[6.387054,49.341988],[6.387944,49.340512],[6.38774,49.338888],[6.386924,49.336523],[6.38337,49.334767],[6.381615,49.333352],[6.381028,49.331327],[6.381739,49.32994],[6.37441,49.327413],[6.37356,49.327369],[6.373283,49.32884],[6.371794,49.329109],[6.369139,49.328812],[6.356425,49.325886],[6.355046,49.325051],[6.35403,49.322834],[6.356605,49.323253],[6.357592,49.320782],[6.357464,49.319959],[6.355521,49.318107],[6.345581,49.31373],[6.337668,49.31245],[6.336578,49.311254],[6.339415,49.309249],[6.339702,49.307015],[6.337929,49.305326],[6.337974,49.303786],[6.336507,49.302426],[6.335646,49.300798],[6.336721,49.299576],[6.336215,49.298996],[6.337885,49.298609],[6.340754,49.29641],[6.343913,49.295969],[6.345363,49.294334],[6.344073,49.290623],[6.341507,49.289939],[6.341187,49.289285],[6.343259,49.278845],[6.344595,49.276906],[6.344617,49.276107],[6.34339,49.27563],[6.343067,49.273367],[6.345676,49.266898],[6.346005,49.263813],[6.346295,49.263299],[6.34832,49.262285],[6.348055,49.260945],[6.346168,49.260896],[6.345793,49.260012],[6.348285,49.257941],[6.347372,49.252718],[6.343976,49.250306],[6.343167,49.247965],[6.344068,49.246658],[6.344035,49.245386],[6.345122,49.244862],[6.344696,49.24322],[6.343411,49.24159],[6.341991,49.240966],[6.342255,49.239688],[6.341716,49.238884],[6.34009,49.23798],[6.339884,49.237035],[6.338543,49.235665],[6.338807,49.23359],[6.338149,49.232346],[6.335361,49.230868],[6.333593,49.229015],[6.335942,49.227981],[6.335105,49.227342],[6.334997,49.226097],[6.333065,49.223358],[6.333115,49.222214],[6.333821,49.221616],[6.334231,49.219507],[6.335072,49.219034],[6.338549,49.213899],[6.336782,49.212238],[6.336615,49.211376],[6.337314,49.210329],[6.338496,49.210091],[6.341357,49.20819],[6.341986,49.203481],[6.336401,49.204466],[6.328982,49.202278],[6.324082,49.202025],[6.323051,49.202614],[6.323184,49.204014],[6.32264,49.204569],[6.320638,49.205326],[6.314836,49.205682],[6.3119,49.206435],[6.311265,49.207537],[6.305605,49.203887],[6.29888,49.202235],[6.298606,49.202763],[6.296869,49.20262],[6.296352,49.203389],[6.292746,49.205282],[6.291078,49.204844],[6.291639,49.193352],[6.2879,49.191398],[6.283038,49.191009],[6.281947,49.190821],[6.281797,49.19047],[6.283182,49.188731],[6.283643,49.1869],[6.282416,49.184412],[6.280962,49.184124],[6.281415,49.182319],[6.279734,49.182235],[6.279688,49.181717],[6.281412,49.178598],[6.282464,49.177674],[6.282252,49.175395],[6.280077,49.173627],[6.275771,49.173431],[6.269933,49.172547],[6.264977,49.17063],[6.26377,49.169679],[6.258626,49.163134],[6.258494,49.161808],[6.254309,49.164595],[6.251457,49.163725],[6.252037,49.161527],[6.249073,49.160858],[6.245966,49.159102],[6.240568,49.157244],[6.241978,49.155656],[6.243045,49.155805],[6.243876,49.154719],[6.245558,49.154277],[6.246762,49.152879],[6.247357,49.151894],[6.246494,49.151658],[6.246177,49.150915],[6.246749,49.14824],[6.243432,49.144561],[6.240276,49.142196],[6.239245,49.140679],[6.237457,49.139611],[6.236601,49.138127],[6.236793,49.135901],[6.234696,49.136523],[6.23267,49.135692],[6.224373,49.136557],[6.219966,49.135423],[6.216753,49.133279],[6.21461,49.134785],[6.210623,49.13238],[6.208101,49.130048],[6.203402,49.128847],[6.201966,49.129145],[6.200626,49.127826],[6.195795,49.127728],[6.195001,49.128087],[6.193584,49.127028],[6.189965,49.126338],[6.18803,49.125569],[6.187183,49.125567],[6.186358,49.126355],[6.18563,49.125905],[6.185991,49.124973],[6.185474,49.124621],[6.185131,49.125703],[6.182804,49.12515],[6.170677,49.119277],[6.166424,49.115516],[6.165272,49.115529],[6.165261,49.115166],[6.16433,49.114933],[6.162326,49.115392],[6.161336,49.118338],[6.157861,49.117601],[6.153485,49.11856],[6.150507,49.118583],[6.149035,49.118358],[6.149149,49.118016],[6.148456,49.117909],[6.148491,49.117039],[6.144159,49.118694],[6.144857,49.119423],[6.146977,49.120287],[6.148134,49.119703],[6.143556,49.117764],[6.141172,49.115726],[6.140816,49.114408],[6.142083,49.108989],[6.141386,49.107387],[6.13977,49.106467],[6.136517,49.105923],[6.132439,49.10612],[6.128038,49.105303],[6.127843,49.105952],[6.126416,49.10602],[6.120459,49.105391],[6.119879,49.107276],[6.121668,49.108106],[6.120531,49.109107],[6.120646,49.111469],[6.119685,49.112566],[6.117855,49.112666],[6.117358,49.11352],[6.116139,49.113643],[6.114855,49.113544],[6.115018,49.112872],[6.114026,49.11258],[6.113345,49.110525],[6.111799,49.110825],[6.109587,49.107904],[6.10804,49.108393],[6.107246,49.106569],[6.106524,49.10646],[6.106671,49.106004],[6.100025,49.106326],[6.096575,49.105044],[6.089755,49.105015],[6.087657,49.102116],[6.085913,49.10099],[6.086213,49.100687],[6.08426,49.098058],[6.083965,49.095967],[6.080911,49.094993],[6.080472,49.094543],[6.08074,49.093084],[6.080272,49.092998],[6.0802,49.092456],[6.081462,49.091512],[6.082279,49.089143],[6.08136,49.088094],[6.080717,49.086031],[6.076906,49.082922],[6.07831,49.080999],[6.076019,49.079223],[6.078557,49.077847],[6.075538,49.075531],[6.073409,49.075445],[6.072733,49.074918],[6.072868,49.073958],[6.071836,49.073087],[6.072874,49.072823],[6.072042,49.070831],[6.066875,49.066292],[6.063038,49.064051],[6.059063,49.062022],[6.058153,49.063041],[6.058522,49.064113],[6.056304,49.064682],[6.052259,49.066882],[6.049199,49.066608],[6.046375,49.06399],[6.042503,49.061772],[6.039845,49.058419],[6.037494,49.056877],[6.038807,49.054208],[6.038037,49.053719],[6.034991,49.054339],[6.034222,49.055206],[6.029584,49.055512],[6.028411,49.05593],[6.027834,49.056978],[6.027952,49.058408],[6.026676,49.06003],[6.023596,49.057727],[6.020177,49.056644],[6.016517,49.062154],[6.010925,49.060514],[6.00989,49.059046],[6.008802,49.054163],[6.001466,49.052956],[5.998812,49.054035],[5.997243,49.054082],[5.997655,49.053086],[5.99985,49.051653],[6.004231,49.05087],[6.00728,49.048686],[6.007694,49.048257],[6.007304,49.046527],[6.007802,49.045976],[6.009699,49.045336],[6.010046,49.044509],[6.014304,49.04229],[6.01789,49.03723],[6.018758,49.021865],[6.012411,49.025215],[6.010827,49.02683],[6.010123,49.026795],[6.006783,49.028907],[6.005914,49.029059],[6.005169,49.028451],[5.994536,49.030401],[5.992123,49.026353],[5.992372,49.024512],[5.991939,49.023767],[5.992564,49.020959],[5.992026,49.019269],[5.99223,49.016384],[5.991286,49.015455],[5.985044,49.017109],[5.981505,49.01707],[5.980392,49.017578],[5.976838,49.017389],[5.976748,49.016952],[5.970618,49.01706],[5.970644,49.015839],[5.972899,49.01466],[5.973336,49.01401],[5.972317,49.013736],[5.9723,49.013156],[5.974634,49.012706],[5.975089,49.011303],[5.977029,49.00875],[5.98025,49.006481],[5.981163,49.004917],[5.983724,49.003745],[5.988745,49.000157],[5.995176,48.996728],[5.998679,48.993755],[6.002061,48.992256],[6.0053,48.991873],[6.006935,48.991803],[6.011175,48.992997],[6.01244,48.992625],[6.012161,48.991552],[6.013694,48.990215],[6.013624,48.989685],[6.009241,48.987959],[6.007439,48.989816],[6.004981,48.990103],[6.00392,48.990818],[5.999784,48.989169],[6.00107,48.988646],[6.000689,48.98816],[5.997201,48.98784],[5.993985,48.987022],[5.995033,48.984374],[5.994857,48.98357],[5.992144,48.981664],[5.991463,48.981893],[5.99569,48.979338],[5.995567,48.979018],[5.994805,48.979166],[5.994115,48.978234],[5.992206,48.977528],[5.995745,48.977329],[5.996011,48.977752],[5.997821,48.976052],[5.998198,48.974241],[5.999012,48.973897],[5.999683,48.972107],[6.000649,48.971206],[6.000333,48.970167],[6.000703,48.969311],[5.999164,48.968577],[5.997386,48.968377],[5.99653,48.96773],[6.000612,48.96662],[6.001811,48.964753],[6.003601,48.963388],[6.005214,48.962788],[6.001007,48.963262],[6.001847,48.962308],[5.99362,48.961909],[5.989153,48.961187],[5.985568,48.962005],[5.983208,48.961378],[5.979616,48.958632],[5.979817,48.958096],[5.978373,48.958126],[5.974278,48.957174],[5.967161,48.958183],[5.965573,48.957781],[5.963608,48.956512],[5.961537,48.95702],[5.959702,48.957027],[5.960907,48.95613],[5.960508,48.956072],[5.960778,48.954705],[5.962246,48.952327],[5.963622,48.951597],[5.966155,48.947537],[5.971739,48.943697],[5.974795,48.939855],[5.974172,48.937586],[5.972141,48.936005],[5.973328,48.933557],[5.976283,48.934392],[5.978923,48.931345],[5.979071,48.930438],[5.980819,48.930143],[5.982061,48.929092],[5.987064,48.929169],[5.99332,48.923323],[5.988143,48.920732],[5.988962,48.920022],[5.986057,48.918571],[5.987907,48.917626],[5.988635,48.916147],[5.991685,48.917085],[6.005487,48.914279],[6.014697,48.905437],[6.014095,48.905104],[6.015545,48.904694],[6.015615,48.902806],[6.016945,48.901953],[6.019061,48.901575],[6.019802,48.900337],[6.013918,48.900231],[5.997429,48.898455],[5.984288,48.893354],[5.981584,48.893051],[5.978384,48.894141],[5.977293,48.892982],[5.975179,48.892619],[5.974639,48.892181],[5.97438,48.889606],[5.975239,48.88816],[5.975099,48.88621],[5.976735,48.885226],[5.97798,48.883659],[5.981735,48.882516],[5.98446,48.88018],[5.972551,48.877592],[5.970302,48.877625],[5.958062,48.87492],[5.957967,48.877454],[5.956493,48.877979],[5.948689,48.877555],[5.945559,48.87662],[5.941782,48.87487],[5.939893,48.87358],[5.941155,48.871155],[5.939478,48.869934],[5.939147,48.868601],[5.940474,48.866035],[5.939411,48.864441],[5.940009,48.862618],[5.939252,48.862084],[5.937474,48.861728],[5.937064,48.861214],[5.937248,48.85949],[5.938873,48.856311],[5.938338,48.855328],[5.936484,48.85449],[5.936445,48.853935],[5.937381,48.853561],[5.936859,48.85297],[5.936955,48.852084],[5.938387,48.849617],[5.938347,48.848854],[5.93965,48.847968],[5.94778,48.84564],[5.948831,48.846653],[5.951099,48.846006],[5.954334,48.846373],[5.963594,48.849381],[5.970489,48.852295],[5.972583,48.850322],[5.975617,48.848741],[5.97771,48.846277],[5.980304,48.845475],[5.986038,48.84193],[5.988146,48.83956],[5.992253,48.838531],[5.995136,48.837223],[5.995173,48.83673],[5.99309,48.835471],[5.992503,48.834604],[5.990176,48.833446],[5.987503,48.832821],[5.983622,48.830804],[5.976175,48.829925],[5.974691,48.828696],[5.976585,48.823496],[5.978748,48.821878],[5.980948,48.817886],[5.984498,48.817098],[5.987805,48.814738],[5.994876,48.807794],[5.995775,48.804576],[6.000599,48.801121],[6.002656,48.799256],[6.002946,48.798336],[6.00464,48.797975],[6.002718,48.795108],[6.001636,48.7945],[6.003007,48.792805],[6.000688,48.792177],[5.999458,48.791247],[5.999472,48.790737],[6.000774,48.789718],[6.003616,48.788915],[6.004706,48.788249],[6.009488,48.783651],[6.01189,48.781061],[6.015844,48.773572],[6.018025,48.772005],[6.022269,48.773765],[6.025537,48.774364],[6.026098,48.775187],[6.02893,48.773725],[6.031363,48.77358],[6.031927,48.772033],[6.033658,48.771381],[6.033905,48.770142],[6.03563,48.769983],[6.035805,48.768154],[6.037749,48.766761],[6.042078,48.767264],[6.043385,48.766793],[6.046714,48.767002],[6.052581,48.766394],[6.05776,48.762554],[6.061732,48.760834],[6.064412,48.758721],[6.064711,48.757],[6.063412,48.752378],[6.06433,48.752016],[6.063744,48.751259],[6.062397,48.751114],[6.061979,48.749596],[6.06785,48.749647],[6.066529,48.752604],[6.065465,48.753563],[6.066578,48.756373],[6.065875,48.757237],[6.067179,48.760159],[6.065742,48.763103],[6.068097,48.763829],[6.072514,48.76733],[6.077182,48.772343],[6.081202,48.773644],[6.083392,48.775068],[6.088522,48.781577],[6.095116,48.783239],[6.103726,48.78285],[6.109915,48.783271],[6.112893,48.78251],[6.115806,48.782427],[6.124712,48.782854],[6.127656,48.781769],[6.13063,48.781169],[6.130013,48.782129],[6.130576,48.783293],[6.138679,48.788067],[6.138495,48.788162],[6.13825,48.788074],[6.13849,48.787856],[6.138679,48.788067],[6.138495,48.788162],[6.142719,48.789887],[6.143667,48.789197],[6.144382,48.789658],[6.150879,48.786725],[6.152842,48.786371],[6.154561,48.784562],[6.157858,48.783424],[6.169144,48.780559],[6.177589,48.780734],[6.183253,48.778349],[6.185389,48.778118],[6.189382,48.778865],[6.194965,48.781829],[6.197691,48.781704],[6.201495,48.782204],[6.211392,48.784974],[6.213646,48.784833],[6.215515,48.784157],[6.216894,48.781547],[6.219007,48.780132],[6.220896,48.779687],[6.222359,48.778564],[6.22602,48.777075],[6.234823,48.778954],[6.237101,48.776481],[6.240258,48.774045],[6.243751,48.769122],[6.246386,48.767218],[6.245849,48.763431],[6.24709,48.762114],[6.249957,48.763295],[6.25122,48.763268],[6.25237,48.76443],[6.253658,48.764836],[6.256836,48.763137],[6.259415,48.763188],[6.263003,48.758773],[6.268964,48.756406],[6.272171,48.755575],[6.273814,48.754359],[6.279149,48.753457],[6.281162,48.754595],[6.289453,48.756126],[6.294651,48.758425],[6.296559,48.759679],[6.302099,48.760916],[6.303373,48.762546],[6.305937,48.764157],[6.306103,48.765067],[6.310703,48.766096],[6.314236,48.76388],[6.324502,48.759102],[6.333525,48.767196],[6.335767,48.767714],[6.336496,48.768279],[6.341208,48.774671],[6.343283,48.775222],[6.352761,48.776372],[6.356268,48.778085],[6.354093,48.782585],[6.360961,48.782416],[6.365901,48.786073],[6.370041,48.787559],[6.378173,48.786399],[6.380966,48.786351],[6.380316,48.791353],[6.381849,48.792055],[6.384667,48.795474],[6.387006,48.796829],[6.388385,48.798453],[6.39106,48.80016],[6.393611,48.806168],[6.395209,48.807088],[6.39897,48.806307],[6.40324,48.804581],[6.404962,48.803172],[6.404935,48.80222],[6.406158,48.800067],[6.40717,48.799532],[6.409253,48.79968],[6.409684,48.79814],[6.410518,48.797576],[6.41456,48.797189],[6.417522,48.801644],[6.419255,48.806774],[6.420977,48.808562],[6.422919,48.808515],[6.423363,48.809497],[6.427976,48.813701],[6.429227,48.813792],[6.430093,48.814789],[6.430515,48.814518],[6.431673,48.81312],[6.432111,48.809775],[6.433548,48.809168],[6.434196,48.809345],[6.434267,48.809884],[6.438956,48.811368],[6.442039,48.812954],[6.446153,48.817627],[6.457128,48.813249],[6.458637,48.813412],[6.459986,48.805082],[6.465513,48.805475],[6.466838,48.805925],[6.468042,48.803989],[6.467246,48.801734],[6.467773,48.800944],[6.470721,48.79878],[6.472059,48.798419],[6.472686,48.797609],[6.473244,48.79774],[6.478356,48.795095],[6.481173,48.792792],[6.487487,48.792331],[6.490247,48.791326],[6.492786,48.791037],[6.493773,48.790259],[6.494718,48.790114],[6.495385,48.790595],[6.496616,48.790755],[6.498002,48.79216],[6.500152,48.793244],[6.502809,48.793602],[6.503791,48.792347],[6.509169,48.790209],[6.512605,48.789396],[6.515685,48.790208],[6.516409,48.789947],[6.518756,48.787888],[6.518557,48.78763],[6.520382,48.786813],[6.526489,48.786172],[6.527925,48.785422],[6.528999,48.785991],[6.530484,48.785543],[6.532816,48.785711],[6.533113,48.785243],[6.535747,48.786208],[6.539479,48.786633],[6.55097,48.789747],[6.553046,48.791362],[6.561412,48.793006],[6.561652,48.792616],[6.565306,48.79277],[6.568924,48.792147],[6.572969,48.790603],[6.577743,48.790373],[6.581767,48.789618],[6.586835,48.789447],[6.589539,48.789741],[6.591617,48.78907],[6.594625,48.789878],[6.596673,48.790953],[6.605003,48.788113],[6.608209,48.788921],[6.608905,48.788481],[6.613046,48.788785],[6.613613,48.788419],[6.615226,48.784477],[6.618946,48.784631],[6.62401,48.785881],[6.630807,48.785276],[6.634352,48.78652],[6.641536,48.787623],[6.664316,48.789161],[6.665371,48.790891],[6.674163,48.792339],[6.677962,48.792407],[6.68773,48.794244],[6.693335,48.795754],[6.702176,48.798872],[6.709003,48.794526],[6.709914,48.797349],[6.717813,48.802252],[6.715891,48.804517],[6.717038,48.804992],[6.71917,48.806912],[6.718002,48.80767],[6.718095,48.808318],[6.716585,48.808114],[6.716558,48.808637],[6.717231,48.810009],[6.719042,48.810698],[6.723995,48.806873],[6.725621,48.806223],[6.728494,48.804061],[6.732155,48.80376],[6.735208,48.802812],[6.734999,48.802353],[6.740633,48.801405],[6.742787,48.799216],[6.743721,48.796786],[6.741462,48.793597],[6.74258,48.792524],[6.742167,48.791003],[6.742681,48.790022],[6.741058,48.788647],[6.740811,48.787428],[6.744014,48.781968],[6.74646,48.779119],[6.747616,48.77861],[6.754154,48.778222],[6.756592,48.777318],[6.764674,48.777425],[6.767618,48.77397],[6.769155,48.772939],[6.774092,48.770616],[6.778892,48.769516],[6.779927,48.768432],[6.783674,48.766782],[6.788384,48.766084],[6.791107,48.766804],[6.79668,48.767436],[6.797177,48.76778],[6.799101,48.767091],[6.799957,48.767171],[6.809528,48.769258],[6.810654,48.769806],[6.816458,48.770616],[6.818225,48.767603],[6.823941,48.76952],[6.825379,48.768984],[6.827545,48.770262],[6.826904,48.775274],[6.828774,48.776131],[6.830299,48.776359],[6.839954,48.774077],[6.845817,48.77229],[6.849816,48.770283],[6.849461,48.769299],[6.850838,48.76879],[6.855787,48.768473],[6.856538,48.767237],[6.859461,48.766761],[6.861425,48.765472],[6.864418,48.764951],[6.867734,48.765097],[6.873991,48.761451],[6.875738,48.761974],[6.878043,48.761702],[6.879305,48.758649],[6.881602,48.755777],[6.885196,48.753789],[6.888363,48.753739],[6.892323,48.75037],[6.894783,48.749533],[6.903876,48.751029],[6.906358,48.749914],[6.916035,48.743117],[6.908928,48.737451],[6.918372,48.732977],[6.92468,48.731382],[6.928369,48.73169],[6.930685,48.731007],[6.933406,48.729116],[6.931852,48.729854],[6.927718,48.727798],[6.924748,48.72525],[6.923293,48.723082],[6.923044,48.721996],[6.924099,48.718557],[6.923689,48.717168],[6.91242,48.701496],[6.910138,48.700063],[6.909938,48.699178],[6.909564,48.699233],[6.91114,48.695633],[6.912031,48.694763],[6.922777,48.68903],[6.927417,48.68751],[6.926794,48.685695],[6.929716,48.68435],[6.930891,48.684473],[6.932629,48.68372],[6.933062,48.68393],[6.935612,48.682109],[6.946759,48.681084],[6.949702,48.682178],[6.953082,48.684945],[6.952936,48.685206],[6.954029,48.684597],[6.954991,48.683522],[6.954403,48.682757],[6.955109,48.682318],[6.951465,48.678737],[6.950474,48.676813],[6.952698,48.675176],[6.95374,48.673534],[6.956491,48.672785],[6.959603,48.671264],[6.957178,48.669475],[6.962062,48.664997],[6.961443,48.662868],[6.962301,48.659808],[6.963528,48.657801],[6.963096,48.657013],[6.961377,48.65653],[6.961128,48.656092],[6.962544,48.654486],[6.963852,48.655051],[6.964217,48.654558],[6.965419,48.654339],[6.968842,48.651485],[6.975277,48.650161],[6.978128,48.648965],[6.987564,48.641863],[6.987469,48.641505],[6.988632,48.641433],[6.989604,48.63972],[6.990279,48.639953],[6.995379,48.638285],[7.000931,48.637515],[7.004917,48.637688],[7.007521,48.637295],[7.009295,48.635768],[7.01397,48.636648],[7.01932,48.636133],[7.02549,48.633545],[7.026123,48.631934],[7.028444,48.6296],[7.034326,48.628422],[7.034075,48.626356],[7.034842,48.623438],[7.037847,48.620486],[7.04061,48.620764],[7.044608,48.619404],[7.047427,48.616887],[7.048973,48.616796],[7.050281,48.617237],[7.05461,48.615721],[7.05577,48.613463],[7.05671,48.612803],[7.057588,48.613086],[7.062214,48.611473],[7.064228,48.609857],[7.066483,48.610492],[7.067377,48.611607],[7.069852,48.61254],[7.077335,48.614071],[7.080232,48.613964],[7.084703,48.612666],[7.088926,48.614486],[7.084038,48.614751],[7.083049,48.615132],[7.08319,48.615697],[7.084262,48.617103],[7.088676,48.619323],[7.0886,48.619907],[7.089873,48.621502],[7.091679,48.622857],[7.091078,48.625567],[7.091734,48.626283],[7.090809,48.627427],[7.090692,48.628531],[7.093416,48.631276],[7.095339,48.632389],[7.093755,48.633667],[7.094961,48.633783],[7.092551,48.634148],[7.094569,48.636778],[7.096134,48.636323],[7.096621,48.636819],[7.098644,48.635651],[7.100878,48.635119],[7.103859,48.63377],[7.105191,48.632078],[7.107557,48.63125],[7.104452,48.627291],[7.102911,48.623942],[7.101704,48.623232],[7.102171,48.622934],[7.101076,48.620888],[7.103411,48.617654],[7.107039,48.615062],[7.109138,48.612541],[7.107651,48.608206],[7.10821,48.606378],[7.109338,48.605129],[7.107693,48.603407],[7.107688,48.601655],[7.11006,48.600824],[7.113236,48.601412],[7.114119,48.601206],[7.114383,48.600647],[7.112769,48.597309],[7.110561,48.595262],[7.110854,48.592619],[7.109766,48.590472],[7.111325,48.589354],[7.112207,48.58759],[7.110943,48.585473],[7.11106,48.584826],[7.112942,48.584208],[7.113207,48.583767],[7.112501,48.582208],[7.115295,48.580738],[7.120514,48.579584],[7.122029,48.578032],[7.124852,48.576415],[7.125205,48.573827],[7.128423,48.571328],[7.13091,48.570092],[7.133293,48.567593],[7.13391,48.565446],[7.133645,48.559532],[7.133282,48.558332],[7.13141,48.556535],[7.131422,48.556041],[7.132903,48.55591],[7.133695,48.554649],[7.134714,48.554063],[7.138654,48.553756],[7.141904,48.552334],[7.142697,48.550533],[7.141997,48.54736],[7.142633,48.546588],[7.144496,48.545827],[7.148294,48.54545],[7.150906,48.542678],[7.153686,48.542297],[7.156888,48.542844],[7.158945,48.541902],[7.161941,48.538907],[7.16212,48.536168],[7.164352,48.534475],[7.168674,48.528705],[7.166798,48.525987],[7.16769,48.523409],[7.169968,48.521253],[7.171269,48.519147],[7.171232,48.517293],[7.170216,48.515861],[7.166446,48.515501],[7.167675,48.514911],[7.167517,48.514022],[7.166943,48.514601],[7.166858,48.514347],[7.164976,48.514386],[7.16554,48.51429],[7.164755,48.51409],[7.165804,48.513909],[7.164832,48.513608],[7.165772,48.513525],[7.166182,48.512875],[7.165714,48.513133],[7.165866,48.512862],[7.16435,48.512651],[7.162184,48.510703],[7.162149,48.510279],[7.163306,48.510837],[7.163723,48.510613],[7.162524,48.509045],[7.160997,48.508478],[7.15971,48.50849],[7.158061,48.509156],[7.157694,48.509705],[7.153319,48.506411],[7.149154,48.506266],[7.147414,48.506546],[7.14868,48.504867],[7.15144,48.503953],[7.149971,48.504016],[7.152859,48.502565],[7.155025,48.502423],[7.156448,48.501192],[7.159603,48.500669],[7.15902,48.499922],[7.159057,48.497977],[7.160613,48.495926],[7.162064,48.494981],[7.166158,48.494742],[7.166556,48.493994],[7.163977,48.49307],[7.163387,48.492306],[7.163727,48.489905],[7.16568,48.487798],[7.16918,48.485604],[7.171916,48.485997],[7.173206,48.485801],[7.173878,48.484981],[7.175118,48.48465],[7.17739,48.485265],[7.18133,48.485337],[7.181584,48.486362],[7.182555,48.486574],[7.182376,48.487561],[7.183512,48.486068],[7.184363,48.485697],[7.185551,48.485696],[7.186139,48.486424],[7.188551,48.484987],[7.194876,48.482571],[7.200168,48.482975],[7.206728,48.481955],[7.210493,48.480752],[7.210717,48.480039],[7.211924,48.479162],[7.214655,48.478286],[7.216244,48.479866],[7.218759,48.478266],[7.219205,48.478536],[7.219518,48.478302],[7.219984,48.477536],[7.219649,48.476858],[7.220136,48.476878],[7.21884,48.475752],[7.22107,48.476824],[7.221396,48.477779],[7.222201,48.477917],[7.223384,48.476255],[7.223276,48.473928],[7.224089,48.471833],[7.223978,48.470973],[7.222506,48.469094],[7.227243,48.467418],[7.227179,48.465635],[7.229874,48.461556],[7.234618,48.460883],[7.238797,48.462799],[7.239009,48.461469],[7.241284,48.4595],[7.242292,48.458005],[7.24324,48.454873],[7.243065,48.453829],[7.244177,48.455173],[7.246358,48.454695],[7.253404,48.454362],[7.252432,48.453973],[7.253662,48.454035],[7.254858,48.453479],[7.255396,48.451369],[7.257794,48.448982],[7.2562,48.448612],[7.257352,48.447561],[7.268461,48.449978],[7.277929,48.449116],[7.279101,48.448049],[7.285789,48.445401],[7.285652,48.443855],[7.288239,48.44164],[7.289959,48.437951],[7.293125,48.436392],[7.294772,48.436801],[7.295611,48.436191],[7.295991,48.43391],[7.300279,48.429762],[7.295405,48.428123],[7.294268,48.427209],[7.295742,48.425198],[7.296322,48.423284],[7.297092,48.423148],[7.293782,48.418382],[7.29352,48.414081],[7.29213,48.412393],[7.292014,48.411422],[7.290128,48.410063],[7.289647,48.40884],[7.286771,48.407609],[7.275584,48.40699],[7.274156,48.40537],[7.273069,48.401696],[7.268106,48.399643],[7.270059,48.399478],[7.274748,48.401871],[7.275868,48.40433],[7.275466,48.40533],[7.276635,48.406329],[7.280106,48.405339],[7.283797,48.405595],[7.286103,48.405068],[7.288389,48.405168],[7.293593,48.404163],[7.295182,48.404358],[7.295687,48.403669],[7.295452,48.402911],[7.297578,48.401887],[7.299727,48.402227],[7.300313,48.400753],[7.301269,48.400447],[7.302566,48.401406],[7.303308,48.402931],[7.307795,48.404305],[7.3082,48.407035],[7.308663,48.405999],[7.310609,48.404871],[7.311761,48.403637],[7.315581,48.404949],[7.316628,48.405927],[7.319818,48.406087],[7.320479,48.406845],[7.32203,48.407092],[7.323198,48.406583],[7.325997,48.404191],[7.328937,48.404056],[7.330047,48.403617],[7.332647,48.404802],[7.3333,48.405581],[7.337101,48.40677],[7.33777,48.407238],[7.338031,48.408243],[7.33962,48.409356],[7.338991,48.410765],[7.339354,48.414155],[7.339971,48.415047],[7.339371,48.415851],[7.339833,48.416437],[7.344677,48.415167],[7.345199,48.414357],[7.348717,48.414088],[7.347577,48.414638],[7.349328,48.414868],[7.350622,48.415525],[7.352973,48.417726],[7.355571,48.418328],[7.3563,48.419087],[7.355969,48.420578],[7.358185,48.420515],[7.359636,48.41931],[7.361453,48.419411],[7.36277,48.420207],[7.363196,48.421362],[7.366236,48.422602],[7.371094,48.425916],[7.37416,48.425076],[7.375728,48.422386],[7.377732,48.421483],[7.381737,48.420732],[7.385876,48.421234],[7.389324,48.41976],[7.390685,48.419827],[7.393159,48.422331],[7.398942,48.422639],[7.401222,48.423476],[7.399707,48.42566],[7.40147,48.427434],[7.400043,48.429054],[7.400114,48.429678],[7.401223,48.430907],[7.402043,48.434145],[7.404072,48.437172],[7.402043,48.434145],[7.402022,48.432075],[7.403351,48.428901],[7.404251,48.428275],[7.407727,48.427623],[7.409586,48.426766],[7.411853,48.42486],[7.410796,48.424556],[7.408392,48.424668],[7.406331,48.424007],[7.405788,48.424196],[7.405597,48.423764],[7.403232,48.424333],[7.404438,48.422561],[7.408898,48.42277],[7.411188,48.422037],[7.414979,48.421938],[7.417169,48.421371],[7.419094,48.421987],[7.42094,48.421736],[7.42347,48.422741],[7.425916,48.42014],[7.425689,48.419102],[7.427913,48.420247],[7.42779,48.418274],[7.428928,48.418899],[7.428732,48.416922],[7.43094,48.416762],[7.43225,48.41541],[7.435972,48.415581],[7.439617,48.414802],[7.442416,48.414725],[7.445126,48.413891],[7.446657,48.4143],[7.448481,48.414185],[7.449227,48.413505],[7.447966,48.410372],[7.448889,48.407367],[7.449397,48.407004],[7.449051,48.405664],[7.447805,48.404532],[7.447379,48.402456],[7.441053,48.402124],[7.440732,48.401496],[7.441894,48.401232],[7.441385,48.399549],[7.442019,48.399007],[7.440024,48.398574],[7.435328,48.396027],[7.43028,48.391004],[7.428623,48.390107],[7.421405,48.388006],[7.418357,48.386093],[7.416891,48.386608],[7.41692,48.387216],[7.415338,48.388346],[7.410549,48.390727],[7.409352,48.390927],[7.405831,48.390555],[7.40525,48.390391],[7.405328,48.389739],[7.404813,48.389489],[7.39356,48.387306],[7.390627,48.38522],[7.387469,48.384049],[7.386067,48.382069],[7.382063,48.379859],[7.379113,48.377286],[7.378256,48.375885],[7.377232,48.375325],[7.374778,48.374794],[7.374078,48.375411],[7.373585,48.375371],[7.361797,48.373284],[7.359849,48.372715],[7.357654,48.371396],[7.351679,48.369981],[7.35605,48.368443],[7.355836,48.366439],[7.355015,48.364898],[7.356559,48.365782],[7.358091,48.365967],[7.35757,48.365782],[7.356601,48.363949],[7.358203,48.364849],[7.358509,48.364477],[7.357509,48.362975],[7.358056,48.363385],[7.360407,48.359514],[7.36209,48.358636],[7.362017,48.358271],[7.363158,48.357997],[7.364062,48.358275],[7.366236,48.357263],[7.366749,48.356597],[7.368413,48.356668],[7.36853,48.356281],[7.370276,48.356869],[7.367002,48.360358],[7.366969,48.361093],[7.370703,48.359481],[7.373696,48.35759],[7.373928,48.354281],[7.376769,48.355051],[7.378248,48.354679],[7.37924,48.353604],[7.378054,48.353194],[7.378068,48.351522],[7.379374,48.350617],[7.38114,48.350433],[7.382501,48.35118],[7.386699,48.351555],[7.38826,48.351352],[7.389021,48.350842],[7.389393,48.349366],[7.388996,48.348097],[7.387321,48.346782],[7.389784,48.346346],[7.390739,48.344369],[7.391644,48.343696],[7.39193,48.342044],[7.391103,48.340238],[7.391433,48.337163],[7.392073,48.336324],[7.393604,48.33547],[7.394445,48.33546],[7.395016,48.334674],[7.3926,48.33329],[7.39411,48.330302],[7.395586,48.329757],[7.395405,48.328694],[7.393837,48.327075],[7.394077,48.32632],[7.394787,48.325511],[7.395175,48.323512],[7.398818,48.321721],[7.400446,48.320148],[7.39905,48.317744],[7.401166,48.316391],[7.401871,48.31546],[7.398739,48.312925],[7.395636,48.311571],[7.39326,48.308618],[7.393963,48.306897],[7.39185,48.305748],[7.389802,48.303295],[7.389938,48.302728],[7.391219,48.302092],[7.390762,48.301683],[7.391442,48.300806],[7.390307,48.299646],[7.389929,48.298387],[7.390759,48.297903],[7.390973,48.296084],[7.391619,48.295651],[7.389361,48.295116],[7.388606,48.295891],[7.387034,48.295095],[7.386177,48.293572],[7.388852,48.292698],[7.387628,48.292219],[7.388751,48.291901],[7.387752,48.291517],[7.389089,48.291569],[7.387718,48.290486],[7.383196,48.290035],[7.389265,48.286281],[7.39255,48.286744],[7.395546,48.28626],[7.397587,48.285274],[7.400342,48.283556],[7.400814,48.28272],[7.402348,48.281675],[7.402028,48.278845],[7.401,48.276263],[7.399735,48.275103],[7.399035,48.272999],[7.399913,48.269227],[7.398545,48.269109],[7.397776,48.268548],[7.39643,48.268621],[7.396288,48.270229],[7.395035,48.270928],[7.394018,48.273692],[7.393933,48.272869],[7.393251,48.273568],[7.392985,48.274576],[7.393523,48.276907],[7.391874,48.277121],[7.39007,48.276548],[7.385688,48.273448],[7.384564,48.273153],[7.383667,48.273564],[7.382796,48.273362],[7.381453,48.271737],[7.381325,48.270273],[7.379247,48.268557],[7.378048,48.268466],[7.37713,48.269422],[7.374473,48.268497],[7.374815,48.265811],[7.375491,48.265533],[7.375087,48.264866],[7.37583,48.264029],[7.374544,48.262844],[7.375229,48.261301],[7.374009,48.260531],[7.369686,48.260251],[7.370064,48.257915],[7.36719,48.256139],[7.366196,48.255027],[7.361091,48.253007],[7.35668,48.250452],[7.353596,48.249258],[7.352408,48.249145],[7.352807,48.250176],[7.352068,48.250492],[7.350843,48.249123],[7.350447,48.249733],[7.349572,48.24836],[7.347178,48.247485],[7.343771,48.247326],[7.341291,48.247601],[7.346401,48.248742],[7.34728,48.249459],[7.346077,48.250133],[7.346677,48.249588],[7.346419,48.249368],[7.346453,48.249622],[7.3452,48.249124],[7.339392,48.248548],[7.334806,48.247228],[7.332747,48.247121],[7.325675,48.24381],[7.324062,48.239597],[7.319317,48.239681],[7.317788,48.238788],[7.31533,48.238314],[7.314694,48.237038],[7.312479,48.236878],[7.306623,48.234535],[7.306472,48.23297],[7.305904,48.232393],[7.302234,48.231598],[7.302256,48.230577],[7.305544,48.228351],[7.304381,48.227258],[7.304582,48.225938],[7.303609,48.225254],[7.304683,48.224459],[7.304119,48.223291],[7.306742,48.222771],[7.307639,48.221686],[7.306621,48.22013],[7.30857,48.220154],[7.309805,48.219127],[7.308745,48.21795],[7.308983,48.217132],[7.306996,48.216156],[7.306656,48.215059],[7.305213,48.214204],[7.302106,48.214035],[7.306532,48.212277],[7.302275,48.209786],[7.302892,48.208479],[7.304502,48.207296],[7.305207,48.205718],[7.305527,48.205858],[7.305801,48.205321],[7.30621,48.20548],[7.305303,48.204545],[7.30622,48.204499],[7.305171,48.203257],[7.306321,48.203515],[7.305837,48.202907],[7.305782,48.202663],[7.306243,48.203004],[7.306074,48.202424],[7.309736,48.202043],[7.30995,48.200459],[7.311181,48.199603],[7.312199,48.198134],[7.314514,48.198159],[7.314098,48.1976],[7.312702,48.196841],[7.310357,48.197356],[7.311085,48.195491],[7.310345,48.195492],[7.307996,48.196846],[7.303299,48.196577],[7.304455,48.196207],[7.300749,48.196714],[7.298564,48.198645],[7.293728,48.197947],[7.292874,48.198336],[7.291189,48.19837],[7.288566,48.197479],[7.285834,48.19758],[7.284042,48.19593],[7.282441,48.195769],[7.280416,48.193756],[7.279739,48.192356],[7.277536,48.190958],[7.276437,48.189542],[7.274226,48.188765],[7.2736,48.187792],[7.267511,48.188668],[7.266751,48.189665],[7.266952,48.191765],[7.26608,48.192351],[7.264116,48.191181],[7.257993,48.19137],[7.257103,48.19039],[7.253191,48.188945],[7.250791,48.18725],[7.250526,48.185859],[7.250959,48.184774],[7.249094,48.186308],[7.248651,48.188706],[7.247753,48.189073],[7.242951,48.189012],[7.23629,48.188371],[7.231412,48.190023],[7.230384,48.190023],[7.227314,48.189053],[7.222525,48.18649],[7.2193,48.185454],[7.218823,48.185632],[7.2192,48.186943],[7.220635,48.188983],[7.22187,48.192112],[7.220052,48.193646],[7.220074,48.194376],[7.222229,48.19628],[7.221575,48.197433],[7.221116,48.197076],[7.219143,48.197333],[7.218676,48.196393],[7.217583,48.196436],[7.21661,48.195394],[7.216157,48.193728],[7.216781,48.193585],[7.215254,48.192922],[7.214041,48.193495],[7.207982,48.193954],[7.203336,48.19348],[7.203388,48.195333],[7.204182,48.196036],[7.205012,48.198523],[7.204351,48.199851],[7.20279,48.200378],[7.20038,48.200148],[7.196974,48.20172],[7.195415,48.201222],[7.194127,48.199985],[7.192662,48.199712],[7.191967,48.199927],[7.191873,48.200688],[7.190539,48.202244],[7.190875,48.204936],[7.189325,48.20773],[7.189526,48.209479],[7.189101,48.209797],[7.185594,48.208795],[7.183357,48.208936],[7.179641,48.208315],[7.175264,48.20575],[7.171091,48.201762],[7.164058,48.200591],[7.158384,48.197113],[7.155914,48.194389],[7.152461,48.193342],[7.151026,48.192386],[7.149937,48.189443],[7.148783,48.188284],[7.14812,48.188632],[7.147402,48.191986],[7.146407,48.193447],[7.144047,48.194491],[7.138809,48.192975],[7.136489,48.194831],[7.133541,48.194542],[7.12915,48.193196],[7.123538,48.189555],[7.120799,48.188609],[7.12044,48.188742],[7.120676,48.190969],[7.117877,48.192152],[7.116023,48.19196],[7.114044,48.192565],[7.113281,48.191931],[7.113921,48.190838],[7.115549,48.190004],[7.113747,48.189883],[7.114637,48.189445],[7.111393,48.186648],[7.111503,48.185925],[7.110351,48.18498],[7.110165,48.183382],[7.111805,48.182723],[7.110898,48.181608],[7.109184,48.180747],[7.109257,48.177345],[7.110482,48.175683],[7.112969,48.173971],[7.11367,48.172372],[7.115927,48.172142],[7.115013,48.171273],[7.112808,48.170583],[7.114507,48.169872],[7.113582,48.169552],[7.113817,48.168987],[7.113181,48.168602],[7.117327,48.16678],[7.118505,48.163829],[7.119941,48.161941],[7.120946,48.161556],[7.122535,48.161874],[7.126012,48.161562],[7.126871,48.160229],[7.126546,48.159415],[7.127899,48.158],[7.127904,48.156135],[7.128867,48.156465],[7.12887,48.154489],[7.130004,48.153953],[7.127613,48.152778],[7.126434,48.15264],[7.127321,48.152236],[7.126536,48.151806],[7.125406,48.151728],[7.122886,48.151877],[7.116819,48.154126],[7.114903,48.154177],[7.109669,48.151661],[7.108945,48.149559],[7.107335,48.148869],[7.105774,48.148718],[7.101998,48.147141],[7.098684,48.142338],[7.094399,48.143271],[7.091487,48.142807],[7.089453,48.140477],[7.088093,48.137605],[7.089759,48.134692],[7.089194,48.133084],[7.088209,48.132529],[7.087934,48.13297],[7.086581,48.132686],[7.086546,48.132945],[7.085176,48.131536],[7.085104,48.130562],[7.084071,48.129183],[7.084225,48.124481],[7.083473,48.1216],[7.080138,48.115928],[7.076994,48.108901],[7.076675,48.108616],[7.072444,48.108159],[7.070212,48.106469],[7.068351,48.104153],[7.067747,48.101289],[7.064785,48.098749],[7.061452,48.093438],[7.058577,48.090778],[7.055963,48.087263],[7.054301,48.087279],[7.052488,48.085759],[7.05164,48.082619],[7.047488,48.080096],[7.039516,48.078992],[7.037488,48.078146],[7.036659,48.076721],[7.031689,48.073928],[7.029772,48.07176],[7.03002,48.066169],[7.026194,48.065144],[7.023777,48.064062],[7.023834,48.063667],[7.022542,48.063778],[7.022282,48.063388],[7.023067,48.063287],[7.024928,48.061137],[7.023082,48.058586],[7.023062,48.057914],[7.024231,48.056601],[7.024035,48.056149],[7.019775,48.05191],[7.01915,48.051649],[7.016156,48.051851],[7.014539,48.048277],[7.01491,48.047517],[7.012054,48.044192],[7.010879,48.041375],[7.013728,48.037992],[7.014937,48.038356],[7.015199,48.037892],[7.015757,48.037922],[7.01577,48.037399],[7.016611,48.037476],[7.018854,48.036078],[7.020742,48.036664],[7.024276,48.036019],[7.025342,48.036571],[7.031369,48.031934],[7.033239,48.029444],[7.032646,48.029121],[7.030727,48.030724],[7.030714,48.030426],[7.030022,48.030764],[7.030147,48.030163],[7.029234,48.03102],[7.029408,48.030268],[7.028744,48.030762],[7.028829,48.03025],[7.028503,48.030382],[7.02888,48.029802],[7.027319,48.030852],[7.028156,48.028742],[7.027048,48.029356],[7.025347,48.028513],[7.026326,48.028024],[7.026312,48.02831],[7.026841,48.027606],[7.026438,48.026211],[7.026777,48.0257],[7.025947,48.024893],[7.025367,48.024876],[7.025934,48.024447],[7.023698,48.023624],[7.02574,48.023608],[7.027982,48.022651],[7.02803,48.022011],[7.028584,48.021883],[7.028048,48.021433],[7.028062,48.020442],[7.030315,48.015713],[7.031635,48.014478],[7.034371,48.013391],[7.037064,48.011333],[7.037676,48.007542],[7.038353,48.007168],[7.032917,48.004183],[7.033559,48.003861],[7.03176,48.002948],[7.030388,48.000847],[7.029745,48.000877],[7.028843,48.001776],[7.026149,48.00149],[7.024928,48.001722],[7.022499,47.999252],[7.022386,47.999735],[7.021855,47.999315],[7.021784,47.999801],[7.018964,47.997545],[7.01849,47.997868],[7.019069,47.999093],[7.017493,47.998005],[7.017878,47.998862],[7.016526,47.9976],[7.016208,47.996005],[7.016589,47.995522],[7.015582,47.994193],[7.01582,47.992216],[7.015386,47.991667],[7.013861,47.991281],[7.014665,47.992241],[7.014391,47.993474],[7.011511,47.990521],[7.012572,47.989305],[7.011352,47.987882],[7.005924,47.987901],[7.001858,47.985975],[7.001279,47.984436],[6.995877,47.983397],[6.994202,47.981767],[6.989249,47.978478],[6.986849,47.979661],[6.984965,47.97975],[6.987648,47.976146],[6.988413,47.975515],[6.989196,47.975679],[6.990541,47.974598],[6.992253,47.969414],[6.995975,47.966317],[6.997997,47.962769],[7.001424,47.961729],[7.004583,47.959597],[7.006368,47.955729],[7.016726,47.953494],[7.019795,47.951852],[7.019824,47.950407],[7.02092,47.948068],[7.023118,47.945908],[7.023465,47.942641],[7.0229,47.938771],[7.019702,47.933381],[7.019515,47.9277],[7.02234,47.9281],[7.02493,47.927868],[7.027993,47.926538],[7.029355,47.924422],[7.030091,47.924331],[7.031041,47.923447],[7.034124,47.922685],[7.036345,47.92291],[7.038075,47.922188],[7.039572,47.921188],[7.041512,47.917996],[7.043686,47.916248],[7.044571,47.914005],[7.048326,47.912531],[7.050754,47.91077],[7.05741,47.910846],[7.060935,47.911597],[7.063194,47.911203],[7.066293,47.909775],[7.066699,47.909392],[7.066166,47.906211],[7.066611,47.904864],[7.067877,47.904272],[7.074057,47.903235],[7.075458,47.902465],[7.07471,47.899966],[7.073473,47.898633],[7.074124,47.898031],[7.075737,47.897943],[7.078191,47.898971],[7.084537,47.900707],[7.087605,47.903903],[7.090326,47.905051],[7.092941,47.903939],[7.092847,47.902659],[7.093504,47.901996],[7.094541,47.901864],[7.095832,47.900427],[7.099184,47.898996],[7.099914,47.899989],[7.098389,47.901173],[7.099226,47.902598],[7.099006,47.90339],[7.101126,47.90419],[7.102197,47.904048],[7.102704,47.904334],[7.103216,47.903812],[7.103075,47.90049],[7.104053,47.89908],[7.107069,47.898086],[7.110281,47.895802],[7.112981,47.894577],[7.116513,47.891949],[7.118349,47.891331],[7.121598,47.888743],[7.124965,47.887556],[7.125913,47.888349],[7.126489,47.887511],[7.128105,47.886776],[7.129408,47.884535],[7.129576,47.883894],[7.128489,47.881441],[7.129026,47.880352],[7.127296,47.877556],[7.127456,47.875401],[7.126415,47.873618],[7.126555,47.873213],[7.127855,47.873053],[7.126854,47.871681],[7.123197,47.869647],[7.122699,47.869069],[7.122852,47.868295],[7.127071,47.866187],[7.127994,47.865135],[7.129343,47.865259],[7.130357,47.864537],[7.132809,47.863929],[7.133522,47.86313],[7.133055,47.860834],[7.135818,47.860137],[7.138936,47.861011],[7.139592,47.860052],[7.143886,47.860109],[7.148634,47.858509],[7.148444,47.857752],[7.147109,47.857216],[7.146828,47.857842],[7.145093,47.857162],[7.142181,47.856968],[7.138773,47.857646],[7.13632,47.856324],[7.135254,47.854889],[7.135868,47.853191],[7.134421,47.852899],[7.132535,47.851605],[7.122913,47.850546],[7.121826,47.850126],[7.12147,47.849484],[7.11518,47.848513],[7.116292,47.846828],[7.115768,47.844893],[7.114897,47.844259],[7.112671,47.843601],[7.113797,47.841765],[7.113902,47.840402],[7.110165,47.839131],[7.108427,47.837491],[7.105011,47.837138],[7.103598,47.835581],[7.100688,47.834742],[7.101529,47.832299],[7.100499,47.831553],[7.100467,47.831039],[7.103932,47.825797],[7.103228,47.824174],[7.103291,47.822643],[7.099662,47.822895],[7.099178,47.822198],[7.099526,47.820775],[7.09757,47.819345],[7.101248,47.818419],[7.099814,47.818251],[7.101805,47.817568],[7.101947,47.816363],[7.100999,47.815412],[7.101773,47.815078],[7.103483,47.816137],[7.103226,47.815264],[7.103886,47.813676],[7.103454,47.813152],[7.101755,47.812684],[7.101544,47.81128],[7.102317,47.810934],[7.101791,47.808864],[7.100878,47.809],[7.100664,47.809672],[7.098785,47.807442],[7.095165,47.806586],[7.091587,47.80753],[7.089508,47.809033],[7.089124,47.809557],[7.089599,47.80969],[7.088839,47.810299],[7.086022,47.811026],[7.084743,47.811173],[7.084048,47.81085],[7.083648,47.809904],[7.079602,47.810174],[7.07597,47.809291],[7.075455,47.809523],[7.07552,47.811773],[7.07331,47.811223],[7.070817,47.811259],[7.069529,47.812672],[7.068637,47.812666],[7.067573,47.813308],[7.066384,47.81552],[7.064559,47.815744],[7.059176,47.814386],[7.058228,47.81461],[7.058099,47.81315],[7.055076,47.81372],[7.052137,47.812596],[7.049743,47.810988],[7.048342,47.809397],[7.046801,47.808928],[7.046012,47.807801],[7.042656,47.806506],[7.040184,47.808486],[7.037981,47.808984],[7.037624,47.810297],[7.035715,47.811375],[7.03254,47.811921],[7.032339,47.814589],[7.031732,47.815362],[7.029311,47.816185],[7.027379,47.815115],[7.026006,47.815044],[7.024464,47.816845],[7.024745,47.819197],[7.024149,47.820254],[7.019939,47.822803],[7.017365,47.822398],[7.014575,47.822447],[7.010354,47.823787],[7.006242,47.826804],[7.004966,47.829012],[7.001502,47.830242],[7.001173,47.830502],[7.001791,47.830749],[7.001008,47.830993],[6.999951,47.830972],[6.997974,47.83185],[6.996785,47.831521],[6.995358,47.832437],[6.994034,47.834571],[6.991783,47.83579],[6.9897,47.839856],[6.988238,47.840714],[6.985602,47.841557],[6.980894,47.840865],[6.979203,47.841687],[6.976455,47.841972],[6.973258,47.841149],[6.967989,47.841384],[6.966253,47.842017],[6.96511,47.843501],[6.961071,47.844926],[6.958943,47.847474],[6.956243,47.846698],[6.954485,47.846612],[6.950118,47.847489],[6.94588,47.847773],[6.943419,47.848845],[6.942396,47.849534],[6.941683,47.85082],[6.939915,47.851714],[6.934466,47.849345],[6.930777,47.848337],[6.925646,47.848567],[6.925277,47.848241],[6.925103,47.848662],[6.922635,47.848946],[6.920896,47.848694],[6.918685,47.846946],[6.918303,47.845698],[6.918943,47.84455],[6.91607,47.843048],[6.91349,47.842489],[6.908552,47.843537],[6.904699,47.842645],[6.902752,47.840801],[6.900334,47.840028],[6.898878,47.838378],[6.898279,47.835215],[6.896825,47.832299],[6.894326,47.832406],[6.893082,47.832909],[6.891075,47.832544],[6.88847,47.832996],[6.884,47.831173],[6.883365,47.831326],[6.88156,47.830762],[6.879503,47.831128],[6.878762,47.829654],[6.87542,47.827577],[6.874201,47.827325],[6.87204,47.827545],[6.870018,47.828207],[6.867874,47.828204],[6.866046,47.827693],[6.861723,47.826048],[6.861701,47.825442],[6.85958,47.824545],[6.858625,47.822068],[6.857896,47.821374],[6.856698,47.822557],[6.854337,47.823036],[6.853686,47.824086],[6.851722,47.82425],[6.851059,47.824742],[6.850262,47.824697],[6.84766,47.823365],[6.846829,47.822399],[6.844371,47.821469],[6.845873,47.822876],[6.844819,47.823981],[6.842249,47.825105],[6.839978,47.824824],[6.839029,47.824577],[6.83775,47.822913],[6.835461,47.821427],[6.83402,47.818634],[6.83131,47.817162],[6.834303,47.814482],[6.833466,47.813343],[6.836058,47.813823],[6.837245,47.807577],[6.838266,47.807154],[6.841931,47.808407],[6.838365,47.806383],[6.83322,47.806387],[6.831923,47.807231],[6.831468,47.80704],[6.832616,47.80528],[6.831121,47.803455],[6.830509,47.803657],[6.829864,47.802027],[6.831499,47.800814],[6.831569,47.800269],[6.832952,47.799924],[6.834631,47.797391],[6.831489,47.792802],[6.832337,47.791843],[6.832143,47.790953],[6.832856,47.7888],[6.834816,47.786174],[6.835197,47.784316],[6.834595,47.781418],[6.833553,47.780907],[6.833416,47.779215],[6.832682,47.778101],[6.828793,47.776614],[6.826557,47.77435],[6.826243,47.772734],[6.825142,47.772425],[6.822085,47.769547],[6.822825,47.768888],[6.824693,47.768293],[6.82309,47.767108],[6.822626,47.764555],[6.820984,47.761416],[6.819585,47.76024],[6.81956,47.75943],[6.81731,47.756847],[6.815916,47.756211],[6.816437,47.753524],[6.816045,47.753191],[6.817188,47.752019],[6.817189,47.749232],[6.820446,47.746976],[6.820294,47.746045],[6.821288,47.744374],[6.820988,47.743433],[6.820214,47.743123],[6.815574,47.742689],[6.815896,47.740821],[6.813403,47.739608],[6.812567,47.738255],[6.81289,47.735688],[6.810272,47.734217],[6.81267,47.731902],[6.814154,47.731601],[6.814697,47.730239],[6.811314,47.73018],[6.811072,47.730516],[6.810699,47.730219],[6.814676,47.729462],[6.814898,47.728657],[6.808537,47.726413],[6.810463,47.72535],[6.812128,47.725207],[6.81674,47.726615],[6.817265,47.724001],[6.816749,47.723928],[6.816259,47.72485],[6.814828,47.724387],[6.815284,47.722997],[6.814452,47.721948],[6.815514,47.718698],[6.81733,47.716437],[6.817693,47.714129],[6.817174,47.712921],[6.818118,47.711608],[6.81652,47.708666],[6.818851,47.705775],[6.813924,47.704589],[6.808938,47.70281],[6.806723,47.701428],[6.803586,47.70057],[6.806107,47.69854],[6.808681,47.695052],[6.810154,47.694505],[6.810217,47.693789],[6.812482,47.691689],[6.814503,47.690888],[6.81525,47.688782],[6.817267,47.688683],[6.817819,47.68813],[6.817041,47.687225],[6.817701,47.684697],[6.812532,47.684591],[6.810835,47.682952],[6.805676,47.681492],[6.805647,47.680443],[6.805057,47.679776],[6.808971,47.679145],[6.813361,47.676685],[6.820495,47.674335],[6.824448,47.674434],[6.825659,47.673176],[6.827477,47.672648],[6.827912,47.670389],[6.823064,47.668293],[6.821865,47.666956],[6.819486,47.665816],[6.819264,47.665313],[6.817445,47.664716],[6.816093,47.663307],[6.812123,47.661443],[6.812543,47.660925],[6.81391,47.66071],[6.814222,47.660332],[6.812808,47.659752],[6.812796,47.65906],[6.816849,47.660092],[6.81683,47.656809],[6.815534,47.657075],[6.814791,47.656722],[6.815231,47.655154],[6.814705,47.654561],[6.813574,47.654173],[6.811663,47.654518],[6.808002,47.654467],[6.806661,47.652316],[6.806506,47.650696],[6.805599,47.650586],[6.805354,47.64999],[6.799631,47.647582],[6.796724,47.645545],[6.795719,47.6455],[6.794644,47.643176],[6.792668,47.641765],[6.78822,47.640335],[6.784973,47.638307],[6.784208,47.638348],[6.783769,47.638922],[6.775953,47.636394],[6.774018,47.636498],[6.77335,47.635639],[6.770346,47.634344],[6.766258,47.631607],[6.764448,47.630956],[6.764137,47.629708],[6.764904,47.629119],[6.765328,47.627677],[6.767417,47.626451],[6.766093,47.625465],[6.765509,47.624123],[6.763549,47.624082],[6.76648,47.620724],[6.766708,47.619842],[6.766201,47.618585],[6.765525,47.619008],[6.76282,47.619097],[6.761478,47.618622],[6.760842,47.615144],[6.761207,47.611571],[6.759865,47.6088],[6.761929,47.60808],[6.762809,47.607183],[6.764937,47.606893],[6.768284,47.605475],[6.7689,47.603641],[6.772352,47.602948],[6.772865,47.603421],[6.776283,47.601944],[6.780728,47.602134],[6.781686,47.601341],[6.784209,47.596599],[6.787965,47.59559],[6.790705,47.587504],[6.792146,47.585084],[6.792159,47.581472],[6.79107,47.57975],[6.791147,47.578499],[6.792058,47.578149],[6.793617,47.576461],[6.79803,47.575509],[6.799997,47.574328],[6.803267,47.570026],[6.803267,47.568884],[6.80107,47.565904],[6.801503,47.562487],[6.809399,47.562931],[6.810924,47.563415],[6.813357,47.562464],[6.815122,47.562263],[6.815561,47.561398],[6.816211,47.561157],[6.822156,47.559868],[6.827789,47.559553],[6.828835,47.558847],[6.831346,47.559685],[6.83383,47.559889],[6.84105,47.558287],[6.845976,47.558502],[6.846671,47.558241],[6.847346,47.558498],[6.852482,47.558181],[6.852704,47.557503],[6.854152,47.557184],[6.855811,47.557545],[6.856355,47.556437],[6.859913,47.555827],[6.860205,47.555098],[6.86116,47.554998],[6.860395,47.55236],[6.860543,47.550093],[6.859583,47.549455],[6.858953,47.546733],[6.856208,47.543197],[6.856179,47.541384],[6.857021,47.541228],[6.857019,47.539808],[6.85591,47.538747],[6.85425,47.538086],[6.853694,47.536836],[6.85472,47.534613],[6.853448,47.532547],[6.853514,47.530794],[6.852872,47.530081],[6.853137,47.528734],[6.856439,47.528408],[6.856094,47.528505],[6.857345,47.529767],[6.859537,47.529662],[6.859887,47.527925],[6.861774,47.525539],[6.864015,47.52431],[6.874313,47.522959],[6.878779,47.523613],[6.880272,47.523271],[6.881103,47.522405],[6.881415,47.522588],[6.883707,47.520538],[6.896036,47.524261],[6.89623,47.523933],[6.897407,47.523803],[6.897433,47.522228],[6.899335,47.52022],[6.901525,47.518785],[6.895343,47.511998],[6.896635,47.50984],[6.89668,47.500713],[6.897961,47.496629],[6.895096,47.494945],[6.891934,47.494137],[6.886988,47.493508],[6.88235,47.493676],[6.882318,47.4899],[6.885122,47.483753],[6.884997,47.482035],[6.887134,47.482551],[6.889081,47.479419],[6.890344,47.479279],[6.892493,47.477483],[6.891606,47.476967],[6.892041,47.476033],[6.892828,47.476088],[6.892175,47.475676],[6.891981,47.474618],[6.891917,47.4706],[6.894537,47.469654],[6.895025,47.468727],[6.898598,47.468867],[6.901163,47.46729],[6.902226,47.465785],[6.90371,47.46484],[6.903753,47.464127],[6.904825,47.463748],[6.906246,47.461602],[6.909107,47.46079],[6.912628,47.457917],[6.91349,47.45861],[6.913519,47.457572],[6.91497,47.456729],[6.91464,47.45643],[6.916004,47.456368],[6.91468,47.455281],[6.912543,47.44667],[6.915418,47.442257],[6.91805,47.440816],[6.918587,47.440008],[6.918362,47.438222],[6.920064,47.437101],[6.920223,47.435945],[6.919496,47.432339],[6.918563,47.431299],[6.916665,47.427217],[6.916408,47.424109],[6.916603,47.419213],[6.919564,47.418227],[6.916625,47.416107],[6.912735,47.411915],[6.912022,47.409858],[6.912533,47.407773],[6.910737,47.407437],[6.907497,47.404564],[6.90867,47.404157],[6.908756,47.403473],[6.910708,47.402526],[6.912444,47.402444],[6.916639,47.403276],[6.917405,47.403117],[6.916783,47.400815],[6.915568,47.39907],[6.915455,47.39732],[6.910497,47.39649],[6.909582,47.396032],[6.911535,47.39365],[6.911117,47.391739],[6.911426,47.390828],[6.913703,47.389389],[6.912546,47.386509],[6.910261,47.385124],[6.905618,47.383441],[6.904945,47.382547],[6.896339,47.382073],[6.88572,47.378411],[6.883541,47.376838],[6.8782,47.37533],[6.876868,47.37533],[6.875535,47.374011],[6.872584,47.37295],[6.872343,47.372284],[6.872451,47.371748],[6.874877,47.369674],[6.871996,47.367935],[6.867378,47.366659],[6.865526,47.365303],[6.862933,47.364112],[6.862222,47.364264],[6.862235,47.363797],[6.858254,47.361697],[6.856896,47.361187],[6.85405,47.361191],[6.854503,47.360793],[6.853171,47.360683],[6.848417,47.360941],[6.842609,47.360713],[6.840577,47.361001],[6.840988,47.36019],[6.840431,47.35805],[6.839333,47.357478],[6.836435,47.357745],[6.835802,47.35712],[6.832434,47.356008],[6.836283,47.354823],[6.836414,47.354267],[6.837989,47.353925],[6.83823,47.353313],[6.836312,47.352196],[6.830932,47.350194],[6.831254,47.349657],[6.830707,47.34926],[6.830723,47.347247],[6.827704,47.34663],[6.824538,47.342939],[6.822712,47.341823],[6.816926,47.335867],[6.817705,47.334715],[6.81768,47.332624],[6.816926,47.331117],[6.817416,47.3304],[6.816511,47.330332],[6.815967,47.331482],[6.81542,47.331314],[6.815124,47.329397],[6.815467,47.32896],[6.814703,47.328106],[6.815699,47.32668],[6.814863,47.326738],[6.815314,47.326305],[6.813879,47.322652],[6.815526,47.321091],[6.821727,47.323981],[6.8245,47.324427],[6.82826,47.326007],[6.831753,47.326735],[6.83358,47.328096],[6.836417,47.3281],[6.839884,47.328925],[6.840312,47.327406],[6.842933,47.326462],[6.844233,47.326622],[6.846671,47.324996],[6.848688,47.324321],[6.84897,47.323817],[6.851152,47.323237],[6.852278,47.323316],[6.855312,47.325382],[6.857165,47.325754],[6.858233,47.326395],[6.858883,47.325696],[6.859315,47.325846],[6.860432,47.323207],[6.863085,47.321794],[6.862591,47.322435],[6.862742,47.323262],[6.865901,47.323692],[6.866108,47.323377],[6.86507,47.323101],[6.864886,47.322181],[6.865581,47.322967],[6.866799,47.322552],[6.869985,47.322351],[6.872141,47.322685],[6.876731,47.322129],[6.879984,47.322401],[6.881658,47.321946],[6.882626,47.32228],[6.883721,47.322163],[6.886005,47.32337],[6.888772,47.323722],[6.889319,47.32396],[6.889129,47.325299],[6.889511,47.325332],[6.890391,47.325048],[6.89047,47.32442],[6.89186,47.323277],[6.890713,47.322417],[6.896181,47.323127],[6.898841,47.322943],[6.90007,47.322409],[6.902308,47.322783],[6.905358,47.322516],[6.905982,47.322105],[6.906042,47.32076],[6.904652,47.319503],[6.907866,47.320238],[6.908825,47.319936],[6.909028,47.318814],[6.914322,47.318916],[6.915464,47.316786],[6.917967,47.315641],[6.919103,47.312454],[6.920021,47.311794],[6.921836,47.306918],[6.919322,47.302328],[6.918339,47.296827],[6.922607,47.297284],[6.924597,47.300267],[6.925902,47.300498],[6.92809,47.298707],[6.928067,47.297785],[6.930689,47.296479],[6.930259,47.296275],[6.932124,47.294399],[6.928873,47.290797],[6.924073,47.287252],[6.92069,47.285877],[6.921193,47.285168],[6.917969,47.281724],[6.920083,47.281725],[6.917587,47.280815],[6.915901,47.281385],[6.915358,47.280366],[6.914066,47.280153],[6.915681,47.279367],[6.915132,47.279109],[6.91482,47.275027],[6.91364,47.274101],[6.912896,47.271471],[6.913461,47.269585],[6.917364,47.26901],[6.917832,47.269495],[6.918729,47.269096],[6.922203,47.269513],[6.922286,47.268683],[6.923186,47.267862],[6.922738,47.265674],[6.91833,47.263195],[6.918005,47.262414],[6.919104,47.26169],[6.923989,47.260421],[6.925676,47.259004],[6.925092,47.258083],[6.924127,47.257726],[6.92412,47.257248],[6.92765,47.2557],[6.930502,47.256014],[6.929973,47.257323],[6.930187,47.259405],[6.930875,47.260148],[6.932657,47.260742],[6.933941,47.262283],[6.936792,47.263425],[6.937215,47.263227],[6.938987,47.264258],[6.938449,47.263277],[6.943204,47.264934],[6.943472,47.26412],[6.944377,47.26449],[6.947135,47.266587],[6.947138,47.267111],[6.949163,47.268608],[6.949173,47.269057],[6.950363,47.269502],[6.949411,47.265695],[6.950152,47.264402],[6.949739,47.263554],[6.949972,47.261637],[6.948211,47.25863],[6.946723,47.257842],[6.946565,47.256366],[6.946101,47.255878],[6.944567,47.255577],[6.943906,47.254814],[6.944707,47.252707],[6.945781,47.251875],[6.946974,47.24973],[6.951842,47.246886],[6.954637,47.24384],[6.954552,47.243015],[6.951153,47.242247],[6.948236,47.240053],[6.942439,47.238019],[6.942442,47.235321],[6.941462,47.233119],[6.939469,47.23167],[6.937365,47.231147],[6.934957,47.231435],[6.93177,47.231091],[6.928359,47.229537],[6.927121,47.229367],[6.925566,47.227294],[6.925303,47.226129],[6.921652,47.222414],[6.915465,47.220036],[6.908585,47.218181],[6.905027,47.214479],[6.901375,47.213453],[6.895251,47.209909],[6.893136,47.209104],[6.891737,47.208983],[6.887401,47.205838],[6.886038,47.20532],[6.884043,47.2053],[6.883658,47.204608],[6.882498,47.204021],[6.884024,47.204499],[6.883395,47.203763],[6.883298,47.203316],[6.883861,47.203448],[6.883208,47.202035],[6.881117,47.20132],[6.879886,47.201325],[6.877392,47.195601],[6.874885,47.193674],[6.873305,47.191577],[6.87248,47.189899],[6.87288,47.187039],[6.873469,47.186541],[6.873076,47.185707],[6.870968,47.18534],[6.866919,47.185657],[6.865334,47.184357],[6.864815,47.182241],[6.863352,47.180524],[6.85728,47.178346],[6.856013,47.178274],[6.850463,47.175541],[6.848052,47.17503],[6.844922,47.173516],[6.843231,47.173548],[6.839006,47.171307],[6.838783,47.170085],[6.840509,47.167858],[6.843318,47.166258],[6.845082,47.164598],[6.847702,47.16357],[6.850527,47.163408],[6.852489,47.163988],[6.856544,47.164142],[6.855138,47.162748],[6.854931,47.161912],[6.851091,47.159305],[6.849284,47.156525],[6.839477,47.154347],[6.83867,47.152217],[6.839033,47.150955],[6.838678,47.150496],[6.829896,47.146661],[6.829321,47.146983],[6.82719,47.146401],[6.82594,47.145344],[6.824703,47.142574],[6.823354,47.141712],[6.81901,47.140243],[6.815331,47.136366],[6.813762,47.135959],[6.808877,47.135976],[6.80768,47.135583],[6.806913,47.134689],[6.806443,47.131874],[6.805526,47.130836],[6.801449,47.129642],[6.796304,47.12928],[6.791578,47.12702],[6.782665,47.12444],[6.778735,47.123879],[6.776065,47.121699],[6.773733,47.121335],[6.770894,47.121584],[6.772651,47.121836],[6.772951,47.122124],[6.771771,47.122329],[6.772377,47.122635],[6.77411,47.122285],[6.774267,47.122905],[6.773503,47.123858],[6.774764,47.123526],[6.773842,47.124154],[6.775344,47.124537],[6.774174,47.124778],[6.775301,47.125263],[6.773943,47.125282],[6.776652,47.12688],[6.777672,47.128523],[6.776214,47.129756],[6.772274,47.129548],[6.766514,47.128578],[6.763132,47.127013],[6.759729,47.124151],[6.747567,47.119108],[6.744691,47.115847],[6.745148,47.11537],[6.744586,47.114183],[6.743222,47.113447],[6.740142,47.11317],[6.737014,47.110897],[6.736311,47.109857],[6.736622,47.109515],[6.736107,47.107945],[6.733951,47.104819],[6.736439,47.104955],[6.735655,47.105247],[6.736479,47.105257],[6.739057,47.106598],[6.739595,47.10544],[6.7388,47.104499],[6.740106,47.104177],[6.74015,47.103213],[6.74082,47.102632],[6.742683,47.101713],[6.743161,47.100927],[6.74339,47.101169],[6.743832,47.100973],[6.744382,47.09928],[6.744877,47.099044],[6.744972,47.097606],[6.742635,47.09384],[6.738142,47.091722],[6.734905,47.091114],[6.730015,47.091042],[6.727685,47.092447],[6.726881,47.092214],[6.725474,47.09243],[6.72194,47.090327],[6.71624,47.089366],[6.714187,47.088615],[6.711419,47.086545],[6.710898,47.085296],[6.708811,47.085171],[6.707795,47.084624],[6.708481,47.087449],[6.70939,47.088334],[6.707785,47.08861],[6.706264,47.08535],[6.702184,47.083788],[6.701045,47.083815],[6.700371,47.082531],[6.700944,47.080356],[6.703045,47.079061],[6.704456,47.078659],[6.703294,47.077293],[6.703479,47.075293],[6.701033,47.073284],[6.700232,47.071093],[6.698199,47.0712],[6.694606,47.0702],[6.692173,47.070023],[6.68871,47.067659],[6.68571,47.066936],[6.685262,47.065619],[6.683873,47.064953],[6.68136,47.064645],[6.678108,47.065523],[6.675838,47.065399],[6.672019,47.062536],[6.670559,47.059422],[6.673042,47.05977],[6.675852,47.060867],[6.677827,47.059998],[6.679953,47.060173],[6.680821,47.059878],[6.680115,47.058349],[6.682018,47.057697],[6.679028,47.0565],[6.676567,47.053598],[6.677836,47.053355],[6.67966,47.051716],[6.681066,47.05164],[6.683782,47.052174],[6.684017,47.051337],[6.688973,47.051033],[6.684514,47.046666],[6.681048,47.044994],[6.682005,47.044066],[6.683422,47.043978],[6.68698,47.044894],[6.688097,47.044052],[6.686681,47.042707],[6.687375,47.042755],[6.688038,47.042247],[6.686713,47.041709],[6.687836,47.041088],[6.68552,47.040897],[6.687389,47.038869],[6.685821,47.037465],[6.676108,47.034926],[6.65919,47.027282],[6.649719,47.018473],[6.647267,47.014217],[6.644873,47.012184],[6.642299,47.01207],[6.640974,47.012694],[6.636683,47.012377],[6.632431,47.01093],[6.631025,47.010984],[6.629147,47.01165],[6.628342,47.011341],[6.626913,47.011692],[6.626655,47.010544],[6.625055,47.011449],[6.624346,47.013046],[6.622969,47.012673],[6.621884,47.012815],[6.622196,47.013145],[6.619377,47.015029],[6.619037,47.013917],[6.61705,47.013175],[6.6157,47.009965],[6.614137,47.008227],[6.614527,47.007842],[6.614193,47.006715],[6.614828,47.005767],[6.61351,47.002572],[6.611533,47.000758],[6.609707,47.000172],[6.608351,46.997846],[6.606889,46.997],[6.604291,46.996799],[6.601437,46.995885],[6.59714,46.995259],[6.596205,46.994683],[6.591257,46.993227],[6.589764,46.993257],[6.586662,46.992093],[6.582854,46.991764],[6.581604,46.989359],[6.576066,46.986416],[6.571022,46.985402],[6.568904,46.98463],[6.567455,46.984606],[6.566686,46.984362],[6.566695,46.983342],[6.566178,46.983107],[6.564243,46.982764],[6.558642,46.98074],[6.556835,46.980662],[6.55619,46.980148],[6.548859,46.977951],[6.547346,46.977681],[6.546072,46.978056],[6.544315,46.977237],[6.537286,46.975713],[6.535165,46.977433],[6.53462,46.978714],[6.533829,46.978202],[6.527593,46.976951],[6.525505,46.977779],[6.523385,46.97754],[6.51971,46.978189],[6.518664,46.978912],[6.516042,46.978315],[6.515031,46.979242],[6.515237,46.980103],[6.513308,46.979678],[6.508949,46.977275],[6.504051,46.975964],[6.498492,46.973913],[6.494406,46.971566],[6.490169,46.967861],[6.489132,46.968239],[6.48503,46.967253],[6.481548,46.964457],[6.476897,46.962208],[6.47594,46.962135],[6.470273,46.957557],[6.469961,46.956116],[6.470442,46.95383],[6.468294,46.951547],[6.470195,46.952011],[6.469816,46.951276],[6.46843,46.950628],[6.461507,46.95018],[6.459992,46.949719],[6.455494,46.945288],[6.450852,46.943247],[6.449628,46.943736],[6.447276,46.94703],[6.444825,46.946406],[6.445965,46.945775],[6.446156,46.945061],[6.442117,46.943658],[6.436861,46.940678],[6.437695,46.939143],[6.437132,46.93794],[6.437478,46.936108],[6.433803,46.933538],[6.43271,46.933578],[6.422625,46.929211],[6.420726,46.929314],[6.41916,46.930806],[6.416571,46.929381],[6.413341,46.928313],[6.411769,46.927156],[6.406577,46.92549],[6.404355,46.924109],[6.403561,46.923067],[6.404165,46.922945],[6.404097,46.922428],[6.402996,46.921137],[6.399071,46.919041],[6.399127,46.918307],[6.39981,46.917819],[6.400971,46.91796],[6.401708,46.917577],[6.402237,46.916915],[6.402305,46.915063],[6.40058,46.912894],[6.397402,46.910423],[6.395824,46.907752],[6.395853,46.907471],[6.39967,46.910668],[6.400814,46.910414],[6.403055,46.911396],[6.401815,46.908571],[6.404009,46.909176],[6.402955,46.906382],[6.401444,46.90462],[6.400492,46.902352],[6.398467,46.901303],[6.392605,46.896718],[6.389839,46.895788],[6.38777,46.896521],[6.388532,46.895342],[6.388604,46.893493],[6.38663,46.889729],[6.382372,46.887147],[6.381168,46.887185],[6.38027,46.888272],[6.37983,46.888011],[6.379852,46.886517],[6.377994,46.886164],[6.377947,46.882722],[6.380166,46.881489],[6.380111,46.881148],[6.378699,46.880569],[6.377906,46.876538],[6.380136,46.876822],[6.380652,46.876487],[6.380316,46.875954],[6.379064,46.875662],[6.379076,46.874319],[6.382822,46.874384],[6.381939,46.873773],[6.379954,46.873291],[6.383298,46.873302],[6.37952,46.872128],[6.387067,46.87259],[6.387205,46.871591],[6.388943,46.871353],[6.389551,46.871662],[6.39164,46.870488],[6.391817,46.86834],[6.391342,46.867375],[6.395244,46.866835],[6.395415,46.866498],[6.395587,46.865214],[6.395072,46.8644],[6.394342,46.864349],[6.392518,46.863282],[6.39083,46.86159],[6.391221,46.859553],[6.387665,46.859223],[6.386531,46.858647],[6.385704,46.857374],[6.385857,46.856386],[6.386806,46.85743],[6.394162,46.856628],[6.393008,46.855826],[6.398261,46.854943],[6.399239,46.85543],[6.405824,46.853616],[6.407962,46.854212],[6.409069,46.854937],[6.410647,46.855071],[6.410832,46.853933],[6.410092,46.852734],[6.412264,46.849157],[6.40845,46.845264],[6.405585,46.843407],[6.40447,46.839106],[6.400954,46.839715],[6.401501,46.835469],[6.401631,46.834961],[6.404927,46.833998],[6.409339,46.832986],[6.410974,46.833173],[6.41205,46.832053],[6.413096,46.832329],[6.412479,46.831852],[6.413172,46.831897],[6.413073,46.83107],[6.414842,46.830625],[6.410072,46.825237],[6.412519,46.823217],[6.413742,46.823408],[6.416288,46.822385],[6.418842,46.820175],[6.418904,46.818927],[6.416779,46.817551],[6.415632,46.817286],[6.407053,46.816594],[6.402892,46.816842],[6.398896,46.81825],[6.399092,46.81639],[6.400925,46.814825],[6.398759,46.81373],[6.397539,46.813847],[6.392317,46.812061],[6.391849,46.810511],[6.390991,46.809987],[6.382339,46.806869],[6.379406,46.804713],[6.378547,46.804719],[6.377417,46.804128],[6.372696,46.799841],[6.371488,46.797857],[6.371942,46.796791],[6.372937,46.796843],[6.373736,46.795915],[6.375602,46.795941],[6.375869,46.795286],[6.375027,46.791133],[6.376551,46.785858],[6.375614,46.781478],[6.375736,46.78028],[6.376172,46.78004],[6.375943,46.779002],[6.376484,46.77827],[6.374192,46.779279],[6.372729,46.778633],[6.372764,46.777647],[6.373375,46.777219],[6.371704,46.775994],[6.371675,46.77531],[6.372353,46.774982],[6.371649,46.772477],[6.370283,46.772364],[6.366902,46.769798],[6.364988,46.769365],[6.364454,46.768868],[6.366954,46.768042],[6.36707,46.767537],[6.365216,46.765837],[6.364633,46.764543],[6.363853,46.764503],[6.364214,46.7636],[6.359276,46.762579],[6.359509,46.762208],[6.361131,46.761972],[6.356811,46.760678],[6.354085,46.758633],[6.355419,46.758507],[6.35441,46.758114],[6.354149,46.756868],[6.35327,46.756019],[6.353125,46.756543],[6.353304,46.7549],[6.352569,46.754151],[6.353026,46.753971],[6.350275,46.753381],[6.350347,46.752985],[6.3531,46.753156],[6.352821,46.752936],[6.353526,46.752591],[6.352972,46.752523],[6.353539,46.752443],[6.351522,46.751284],[6.351382,46.75052],[6.354047,46.751035],[6.354464,46.750237],[6.35586,46.749459],[6.355044,46.748245],[6.355638,46.746809],[6.356522,46.74678],[6.356918,46.746223],[6.356144,46.741813],[6.355491,46.74105],[6.355428,46.739893],[6.354468,46.739023],[6.354545,46.734975],[6.352958,46.734692],[6.352734,46.734183],[6.349779,46.733056],[6.347077,46.732866],[6.342263,46.731042],[6.335254,46.729101],[6.324995,46.728343],[6.321833,46.728856],[6.320911,46.728223],[6.32041,46.728864],[6.319627,46.728092],[6.312661,46.726331],[6.309743,46.725638],[6.30728,46.725547],[6.306566,46.724218],[6.305948,46.724066],[6.30116,46.724983],[6.298449,46.72483],[6.29928,46.721798],[6.299102,46.720568],[6.297808,46.719318],[6.29555,46.718523],[6.292699,46.716785],[6.28802,46.716306],[6.285966,46.717013],[6.28184,46.716991],[6.279967,46.716613],[6.278598,46.715587],[6.277846,46.715482],[6.275048,46.715725],[6.273883,46.716279],[6.271626,46.718504],[6.267539,46.718297],[6.266176,46.718606],[6.26135,46.718082],[6.250066,46.714537],[6.249284,46.71472],[6.246828,46.713618],[6.244641,46.713237],[6.244375,46.712614],[6.241679,46.712131],[6.239611,46.71112],[6.236826,46.711681],[6.233466,46.710873],[6.231086,46.710988],[6.228297,46.710619],[6.225756,46.709641],[6.221572,46.70909],[6.218011,46.707862],[6.211653,46.707071],[6.211416,46.706503],[6.20912,46.705415],[6.209277,46.705084],[6.20816,46.705518],[6.207533,46.706799],[6.205739,46.707999],[6.201175,46.708375],[6.199457,46.709735],[6.198914,46.710855],[6.196778,46.709979],[6.195474,46.710074],[6.194626,46.710709],[6.192566,46.710529],[6.189887,46.707891],[6.188399,46.705066],[6.193965,46.701095],[6.189384,46.699248],[6.186181,46.696471],[6.185224,46.694637],[6.184641,46.694702],[6.183758,46.695628],[6.181929,46.695393],[6.178832,46.692566],[6.178074,46.693145],[6.177132,46.693153],[6.177225,46.694511],[6.176819,46.694835],[6.174123,46.694724],[6.173574,46.694398],[6.17409,46.694027],[6.173677,46.693337],[6.168188,46.689752],[6.161295,46.687511],[6.158727,46.687166],[6.157696,46.687556],[6.150174,46.685721],[6.143628,46.683483],[6.140039,46.683015],[6.137638,46.682239],[6.135889,46.681139],[6.134317,46.680858],[6.133053,46.679652],[6.138066,46.67693],[6.138304,46.67598],[6.137625,46.675146],[6.137739,46.674438],[6.132325,46.672558],[6.129908,46.669665],[6.125477,46.666911],[6.117542,46.664505],[6.116882,46.663977],[6.117588,46.663231],[6.117472,46.662381],[6.116942,46.662072],[6.114657,46.66217],[6.112213,46.661508],[6.109752,46.660462],[6.1081,46.659271],[6.105679,46.6584],[6.106861,46.656821],[6.106356,46.655788],[6.106695,46.655603],[6.10928,46.656866],[6.1114,46.656724],[6.111815,46.656057],[6.111048,46.655099],[6.112711,46.653524],[6.111979,46.652237],[6.113757,46.649243],[6.113168,46.64807],[6.11434,46.645508],[6.117016,46.643513],[6.118586,46.641135],[6.117697,46.638955],[6.113719,46.637639],[6.112063,46.636531],[6.111591,46.635734],[6.109637,46.635746],[6.108978,46.634528],[6.112583,46.632513],[6.113158,46.631212],[6.110941,46.63061],[6.108376,46.629203],[6.108696,46.628251],[6.108198,46.627992],[6.109396,46.627212],[6.108802,46.62591],[6.109079,46.624365],[6.104024,46.622193],[6.10544,46.620668],[6.105623,46.619496],[6.104956,46.618869],[6.105012,46.617446],[6.106466,46.614442],[6.105225,46.612462],[6.103858,46.611785],[6.103884,46.61133],[6.106764,46.606815],[6.107114,46.600777],[6.112897,46.599528],[6.11391,46.598964],[6.114171,46.597909],[6.113037,46.596957],[6.114826,46.596049],[6.114935,46.593777],[6.116398,46.592689],[6.119524,46.591312],[6.121695,46.592425],[6.123847,46.595415],[6.125632,46.594902],[6.126109,46.593199],[6.126456,46.593422],[6.126829,46.592914],[6.127248,46.592995],[6.126714,46.591867],[6.124547,46.589796],[6.124596,46.589071],[6.123268,46.588157],[6.122863,46.586599],[6.121393,46.585674],[6.12194,46.584887],[6.120824,46.583226],[6.118961,46.583122],[6.117271,46.581541],[6.117371,46.581202],[6.116176,46.580953],[6.113205,46.579122],[6.107605,46.573878],[6.107499,46.573082],[6.106512,46.57358],[6.104193,46.572915],[6.103603,46.570636],[6.102449,46.569122],[6.100969,46.568243],[6.101531,46.568144],[6.100162,46.567588],[6.099967,46.5668],[6.101126,46.566313],[6.100594,46.565999],[6.100434,46.564774],[6.101977,46.564326],[6.103043,46.56348],[6.102436,46.562375],[6.101743,46.561633],[6.099498,46.561068],[6.099095,46.560317],[6.097586,46.559615],[6.097443,46.559085],[6.096273,46.5591],[6.095346,46.558618],[6.0965,46.557467],[6.097151,46.557484],[6.097871,46.556832],[6.099449,46.556972],[6.101197,46.55608],[6.101934,46.555175],[6.104098,46.554642],[6.105088,46.553538],[6.105537,46.553479],[6.107045,46.555013],[6.110077,46.554077],[6.109745,46.55332],[6.108926,46.552959],[6.10928,46.551605],[6.108004,46.551121],[6.108051,46.550465],[6.105221,46.549847],[6.101654,46.547494],[6.097383,46.545482],[6.098996,46.544787],[6.101009,46.543215],[6.102513,46.539568],[6.101421,46.537903],[6.101849,46.536361],[6.100788,46.535432],[6.10072,46.533934],[6.095126,46.530724],[6.093644,46.528928],[6.091105,46.527716],[6.082135,46.520638],[6.078273,46.518776],[6.078926,46.517774],[6.078061,46.516282],[6.079891,46.51552],[6.078394,46.513915],[6.076235,46.51291],[6.07593,46.512175],[6.072996,46.510467],[6.070437,46.509344],[6.068704,46.507717],[6.06508,46.506263],[6.063598,46.505289],[6.063395,46.50419],[6.059747,46.502705],[6.058752,46.501854],[6.059025,46.50128],[6.058148,46.499184],[6.058322,46.498087],[6.057057,46.497008],[6.057253,46.496614],[6.054529,46.493613],[6.053293,46.492891],[6.051552,46.492538],[6.051835,46.491439],[6.052922,46.490771],[6.051287,46.489001],[6.055188,46.488273],[6.056879,46.488727],[6.058298,46.488651],[6.059323,46.488072],[6.058962,46.48709],[6.059762,46.48664],[6.060735,46.486642],[6.059972,46.48622],[6.060281,46.484242],[6.060971,46.48355],[6.06033,46.483741],[6.059304,46.482992],[6.057506,46.482699],[6.055918,46.483241],[6.056216,46.48371],[6.05419,46.482813],[6.051562,46.482903],[6.049074,46.481502],[6.047927,46.479929],[6.046577,46.47917],[6.04648,46.4786],[6.046704,46.477207],[6.04904,46.473169],[6.048902,46.471183],[6.049958,46.46942],[6.051254,46.468316],[6.051427,46.467613],[6.053041,46.466543],[6.054719,46.464035],[6.055679,46.464242],[6.057857,46.463001],[6.060115,46.462377],[6.060029,46.461292],[6.058001,46.460724],[6.061076,46.459176],[6.063222,46.457502],[6.063954,46.456272],[6.066839,46.456866],[6.070738,46.458683],[6.070222,46.459569],[6.070879,46.461242],[6.072538,46.463184],[6.072741,46.465186],[6.074216,46.463116],[6.075513,46.46226],[6.074847,46.46114],[6.075419,46.460205],[6.077624,46.458337],[6.080929,46.457074],[6.080685,46.456499],[6.079739,46.456343],[6.079737,46.455008],[6.080322,46.453563],[6.08207,46.451437],[6.086275,46.449752],[6.084864,46.44834],[6.086259,46.4473],[6.092935,46.447301],[6.088287,46.444955],[6.087701,46.443882],[6.092261,46.440191],[6.091266,46.438126],[6.091774,46.437608],[6.089762,46.436261],[6.089736,46.435569],[6.090356,46.435519],[6.09111,46.434787],[6.092833,46.434739],[6.094556,46.433686],[6.096019,46.434129],[6.09658,46.434692],[6.098847,46.434341],[6.101001,46.433158],[6.103573,46.432551],[6.099732,46.425013],[6.096775,46.422134],[6.097271,46.420538],[6.098913,46.420375],[6.100009,46.419729],[6.10243,46.420108],[6.105066,46.421304],[6.1054,46.421838],[6.104439,46.422127],[6.103824,46.42324],[6.105146,46.424221],[6.105343,46.425204],[6.107075,46.425593],[6.106283,46.42626],[6.110622,46.430329],[6.111602,46.429383],[6.113041,46.429127],[6.115963,46.429918],[6.119062,46.429149],[6.122808,46.429588],[6.125751,46.42917],[6.12891,46.430672],[6.129464,46.431416],[6.130428,46.431271],[6.131042,46.432555],[6.132205,46.432737],[6.133275,46.432462],[6.13488,46.43318],[6.132028,46.434353],[6.133701,46.43579],[6.132708,46.436308],[6.131127,46.436262],[6.130388,46.437111],[6.132042,46.437934],[6.134117,46.438061],[6.134513,46.439185],[6.138896,46.438409],[6.140791,46.438958],[6.142327,46.438672],[6.142912,46.439033],[6.145706,46.438515],[6.153352,46.439263],[6.155096,46.44129],[6.153877,46.442468],[6.156691,46.442954],[6.158115,46.442784],[6.158679,46.443205],[6.159623,46.442403],[6.160899,46.44247],[6.161133,46.442876],[6.160011,46.443686],[6.157293,46.444702],[6.158165,46.445399],[6.158045,46.446145],[6.159403,46.449279],[6.159022,46.450187],[6.157656,46.450882],[6.158534,46.452008],[6.161445,46.453129],[6.161665,46.453728],[6.16418,46.455728],[6.162327,46.456594],[6.167185,46.458455],[6.170508,46.458111],[6.174618,46.457057],[6.176289,46.459237],[6.18127,46.46048],[6.182178,46.462007],[6.183562,46.463089],[6.182703,46.463949],[6.182967,46.464859],[6.186837,46.467487],[6.186695,46.468109],[6.187749,46.469152],[6.187874,46.470389],[6.185284,46.472738],[6.185436,46.473223],[6.18242,46.478988],[6.18398,46.481862],[6.18353,46.482762],[6.184174,46.483674],[6.185177,46.483829],[6.186981,46.481808],[6.192394,46.479927],[6.19654,46.479737],[6.198853,46.480043],[6.200408,46.481018],[6.20043,46.481775],[6.201154,46.482377],[6.203697,46.482351],[6.206427,46.482954],[6.207715,46.483756],[6.212194,46.477786],[6.213331,46.474293],[6.214825,46.473868],[6.215954,46.472285],[6.217339,46.472725],[6.218493,46.472575],[6.219909,46.471491],[6.222083,46.470805],[6.224404,46.470649],[6.231465,46.466531],[6.231444,46.463979],[6.229859,46.465994],[6.228298,46.466013],[6.225666,46.465417],[6.226973,46.464524],[6.227489,46.463574],[6.227203,46.460521],[6.227783,46.459127],[6.229009,46.457934],[6.230743,46.454081],[6.230038,46.451631],[6.231098,46.448852],[6.23079,46.447522],[6.231662,46.446374],[6.232466,46.44645],[6.235606,46.444229],[6.236841,46.444146],[6.237305,46.444585],[6.241889,46.4423],[6.241165,46.441702],[6.243005,46.438448],[6.242758,46.437922],[6.244201,46.436293],[6.243809,46.434995],[6.246057,46.433087],[6.246148,46.431959],[6.247339,46.431251],[6.246516,46.430748],[6.246671,46.430043],[6.248843,46.429597],[6.249914,46.428948],[6.250013,46.42802],[6.251528,46.427226],[6.253585,46.425148],[6.255486,46.425894],[6.26013,46.423382],[6.255723,46.420844],[6.253997,46.420271],[6.25381,46.419408],[6.254705,46.419098],[6.254777,46.41786],[6.256276,46.417124],[6.256239,46.416547],[6.257599,46.415429],[6.257671,46.414114],[6.260253,46.41297],[6.260876,46.411991],[6.261317,46.411789],[6.261611,46.412135],[6.264399,46.410488],[6.26448,46.409948],[6.266835,46.40822],[6.266874,46.407345],[6.268599,46.406832],[6.268575,46.405903],[6.273217,46.410126],[6.275311,46.409113],[6.275877,46.408468],[6.275179,46.405726],[6.28142,46.401675],[6.28149,46.400285],[6.279722,46.399636],[6.27658,46.399767],[6.274535,46.400987],[6.274926,46.398609],[6.273656,46.398289],[6.271858,46.400008],[6.270651,46.400362],[6.270878,46.399029],[6.272172,46.397734],[6.271121,46.397383],[6.270897,46.39634],[6.26974,46.39829],[6.269315,46.398283],[6.268349,46.396599],[6.267202,46.395712],[6.268418,46.393577],[6.26588,46.392599],[6.264231,46.392973],[6.263166,46.394605],[6.260672,46.394692],[6.256734,46.394],[6.254106,46.392616],[6.252674,46.393668],[6.251805,46.39345],[6.251825,46.393765],[6.251034,46.393629],[6.250565,46.394075],[6.248768,46.394349],[6.249597,46.393578],[6.249188,46.393141],[6.247558,46.39289],[6.247474,46.392119],[6.243982,46.390024],[6.241254,46.390803],[6.238444,46.385955],[6.23469,46.383119],[6.23651,46.383162],[6.237691,46.382619],[6.239242,46.382719],[6.243133,46.381867],[6.243502,46.382336],[6.47798,46.375098],[6.478342,46.374635],[6.479063,46.374833],[6.47974,46.374395],[6.478299,46.373238],[6.478974,46.373032],[6.479174,46.37122],[6.480605,46.371064],[6.481433,46.369346],[6.482184,46.369856],[6.483144,46.368656],[6.482632,46.368364],[6.483063,46.367947],[6.482828,46.367131],[6.481524,46.366757],[6.481184,46.363554],[6.482514,46.362173],[6.483914,46.361422],[6.484893,46.359837],[6.489561,46.355762],[6.490175,46.355378],[6.491285,46.355389],[6.492521,46.353634],[6.493063,46.355928],[6.49423,46.356927],[6.495157,46.356789],[6.497717,46.357636],[6.499329,46.35715],[6.500484,46.357209],[6.501015,46.356415],[6.501655,46.356844],[6.500883,46.354618],[6.503812,46.356924],[6.503995,46.356304],[6.509194,46.356106],[6.511795,46.357402],[6.51141,46.357927],[6.509557,46.358373],[6.511751,46.358267],[6.514511,46.356825],[6.515736,46.35862],[6.518013,46.353935],[6.517551,46.353608],[6.519925,46.350701],[6.521135,46.35011],[6.522203,46.350561],[6.523941,46.350021],[6.525411,46.348525],[6.528496,46.348142],[6.528672,46.347807],[6.527776,46.346762],[6.528297,46.345829],[6.529321,46.345299],[6.529311,46.344751],[6.53024,46.344669],[6.530335,46.344251],[6.531848,46.344851],[6.531725,46.3441],[6.530662,46.342995],[6.529643,46.342957],[6.532273,46.339953],[6.53521,46.338966],[6.540433,46.339582],[6.544478,46.339397],[6.54555,46.337382],[6.54834,46.337456],[6.551022,46.335908],[6.55636,46.334491],[6.561998,46.332034],[6.56193,46.329092],[6.560584,46.326331],[6.560952,46.324911],[6.562623,46.322952],[6.563559,46.323765],[6.56516,46.324258],[6.563863,46.326615],[6.565355,46.330134],[6.565889,46.329431],[6.575076,46.327046],[6.576791,46.325803],[6.578079,46.326649],[6.579345,46.326667],[6.579922,46.32571],[6.581308,46.325344],[6.581632,46.325941],[6.582694,46.324835],[6.583124,46.325527],[6.584513,46.325838],[6.584388,46.324617],[6.584865,46.323967],[6.585251,46.324177],[6.585623,46.323757],[6.585853,46.324527],[6.586491,46.323304],[6.587575,46.324283],[6.588841,46.324041],[6.592535,46.324539],[6.59214,46.325031],[6.592803,46.325251],[6.592051,46.325766],[6.592271,46.326365],[6.591318,46.326607],[6.591683,46.326992],[6.591221,46.327147],[6.591313,46.328825],[6.590088,46.329214],[6.589043,46.330185],[6.59111,46.331222],[6.593629,46.330497],[6.594937,46.334968],[6.596185,46.335881],[6.591974,46.340629],[6.591962,46.341149],[6.593163,46.341656],[6.592173,46.342265],[6.592387,46.342918],[6.593907,46.344061],[6.596856,46.343784],[6.598967,46.344539],[6.602248,46.343267],[6.605016,46.343375],[6.612907,46.344774],[6.615393,46.344558],[6.616747,46.343856],[6.619846,46.344974],[6.620617,46.344962],[6.620683,46.343819],[6.623209,46.343696],[6.623791,46.343817],[6.624364,46.344932],[6.625148,46.344944],[6.627913,46.346151],[6.628507,46.346807],[6.629161,46.346219],[6.630653,46.346218],[6.631823,46.345028],[6.630717,46.343091],[6.630892,46.342401],[6.631885,46.342174],[6.633023,46.342453],[6.633325,46.343141],[6.633889,46.342998],[6.63382,46.343415],[6.637985,46.34534],[6.639057,46.34629],[6.642346,46.3473],[6.644644,46.347145],[6.645732,46.347688],[6.647397,46.347765],[6.650419,46.347384],[6.659302,46.347831],[6.660319,46.347041],[6.662702,46.346542],[6.665254,46.345085],[6.667759,46.345284],[6.668646,46.344558],[6.669622,46.34442],[6.671702,46.344598],[6.672431,46.345117],[6.673792,46.34531],[6.674993,46.346274],[6.676273,46.346499],[6.678854,46.344668],[6.681297,46.343972],[6.682531,46.344165],[6.683923,46.343703],[6.688261,46.34355],[6.691941,46.342545],[6.69514,46.342797],[6.699833,46.337871],[6.700175,46.338761],[6.700987,46.338746],[6.702126,46.336692],[6.702703,46.33655],[6.702893,46.335531],[6.703039,46.335882],[6.70608,46.336968],[6.708127,46.336986],[6.709465,46.337742],[6.7107,46.337488],[6.710113,46.338089],[6.711606,46.338479],[6.711441,46.339801],[6.712566,46.340886],[6.712735,46.340546],[6.714621,46.341251],[6.718457,46.340193],[6.720412,46.341071],[6.723048,46.341586],[6.72459,46.342717],[6.727222,46.343741],[6.731746,46.344921],[6.732373,46.345517],[6.731398,46.345677],[6.732489,46.346747],[6.736212,46.346435],[6.737663,46.346661],[6.743131,46.345616],[6.743887,46.346495],[6.746941,46.34751],[6.748176,46.347572],[6.750467,46.346809],[6.754619,46.348582],[6.75872,46.348984],[6.760645,46.344978],[6.759856,46.344278],[6.760449,46.341659],[6.760221,46.33996],[6.761709,46.337394],[6.763643,46.336476],[6.765691,46.334697],[6.766399,46.332693],[6.765571,46.330525],[6.766968,46.331026],[6.768414,46.33005],[6.768135,46.329889],[6.770352,46.329448],[6.772632,46.327519],[6.774454,46.327712],[6.774633,46.326878],[6.773802,46.326231],[6.775538,46.322995],[6.77613,46.32232],[6.777998,46.32172],[6.777643,46.321602],[6.779232,46.320645],[6.77971,46.319584],[6.780385,46.319447],[6.781448,46.318029],[6.783179,46.317271],[6.78381,46.315749],[6.784558,46.315204],[6.784491,46.314529],[6.785368,46.314477],[6.785273,46.313666],[6.785923,46.313092],[6.785754,46.310089],[6.78684,46.309585],[6.789389,46.305557],[6.78907,46.304198],[6.789841,46.300811],[6.789685,46.297719],[6.788365,46.295394],[6.791148,46.294915],[6.793744,46.29368],[6.792886,46.291178],[6.793869,46.291388],[6.796133,46.290472],[6.796495,46.28965],[6.797643,46.289304],[6.798311,46.288321],[6.800014,46.28868],[6.80389,46.288571],[6.804451,46.288499],[6.804745,46.287661],[6.806265,46.287774],[6.807079,46.287302],[6.804989,46.285685],[6.805593,46.28402],[6.804306,46.283709],[6.805771,46.283185],[6.804126,46.282803],[6.80206,46.280723],[6.803155,46.28049],[6.804396,46.279253],[6.803632,46.278012],[6.804533,46.277597],[6.803933,46.277286],[6.804447,46.276159],[6.806228,46.27472],[6.806336,46.272881],[6.809855,46.268965],[6.80728,46.268446],[6.807151,46.2676],[6.807816,46.266325],[6.805128,46.264455],[6.803267,46.263972],[6.803265,46.262896],[6.799326,46.262289],[6.798522,46.261848],[6.798746,46.26159],[6.797774,46.2614],[6.797066,46.26005],[6.793613,46.260935],[6.792502,46.260899],[6.793776,46.260332],[6.792792,46.259722],[6.792655,46.259086],[6.794527,46.258398],[6.794789,46.258241],[6.794158,46.257984],[6.795087,46.257729],[6.794133,46.257479],[6.794156,46.256947],[6.791828,46.257413],[6.792275,46.25611],[6.790639,46.254816],[6.791841,46.253382],[6.790492,46.248467],[6.789922,46.247964],[6.789958,46.24838],[6.789068,46.247781],[6.789224,46.248351],[6.788196,46.247611],[6.786836,46.247398],[6.779213,46.248581],[6.776732,46.247221],[6.776598,46.246838],[6.780985,46.240337],[6.778863,46.235377],[6.777478,46.234947],[6.777745,46.234058],[6.777063,46.233624],[6.777134,46.231959],[6.776272,46.231176],[6.774497,46.230549],[6.772877,46.229039],[6.772721,46.227928],[6.774115,46.225827],[6.774086,46.223931],[6.774844,46.222908],[6.774312,46.22147],[6.772842,46.222097],[6.772809,46.221231],[6.774357,46.219485],[6.777344,46.217975],[6.779498,46.215676],[6.782022,46.215112],[6.783546,46.214183],[6.785485,46.211754],[6.787198,46.21104],[6.788391,46.209619],[6.78808,46.207633],[6.788482,46.20721],[6.789751,46.206955],[6.791342,46.205694],[6.792627,46.203432],[6.796826,46.200834],[6.797452,46.201006],[6.799389,46.199286],[6.806752,46.196524],[6.810848,46.196548],[6.812116,46.196223],[6.813199,46.19651],[6.814275,46.195863],[6.817515,46.194942],[6.820052,46.192555],[6.821236,46.19227],[6.821185,46.191847],[6.824238,46.19134],[6.822202,46.190799],[6.82149,46.190236],[6.820939,46.189033],[6.820921,46.187046],[6.822588,46.186488],[6.821722,46.184791],[6.822232,46.183062],[6.822575,46.182572],[6.823341,46.183033],[6.823947,46.182951],[6.823217,46.182002],[6.82426,46.181388],[6.824969,46.179722],[6.825635,46.179258],[6.820496,46.177956],[6.817841,46.177869],[6.816318,46.17727],[6.814061,46.177278],[6.812908,46.175403],[6.815817,46.173099],[6.815791,46.171671],[6.816305,46.171526],[6.816743,46.170233],[6.812344,46.168141],[6.809888,46.165953],[6.808642,46.166151],[6.808224,46.16551],[6.804769,46.164851],[6.804935,46.164349],[6.80554,46.164209],[6.80434,46.163711],[6.801919,46.161501],[6.802512,46.160166],[6.80218,46.158983],[6.799467,46.157051],[6.799666,46.156082],[6.798895,46.156119],[6.797466,46.155118],[6.796978,46.153367],[6.797531,46.1532],[6.796336,46.152341],[6.796966,46.151256],[6.796164,46.150949],[6.795461,46.149943],[6.794818,46.150138],[6.794992,46.149546],[6.793765,46.149522],[6.792887,46.150245],[6.792007,46.148609],[6.790755,46.147691],[6.79017,46.147531],[6.789769,46.147953],[6.787854,46.146439],[6.784806,46.146054],[6.783103,46.145118],[6.782462,46.145776],[6.781205,46.145413],[6.781532,46.145906],[6.780641,46.14592],[6.780015,46.145315],[6.779958,46.145944],[6.779101,46.145544],[6.779069,46.144884],[6.779855,46.144228],[6.777925,46.144742],[6.780489,46.142679],[6.782261,46.142052],[6.781729,46.140884],[6.77674,46.138089],[6.776507,46.136969],[6.772167,46.136203],[6.769284,46.136787],[6.767759,46.13592],[6.767178,46.136377],[6.767183,46.137091],[6.76679,46.137023],[6.765978,46.136035],[6.766207,46.135362],[6.765247,46.135041],[6.764289,46.133923],[6.764439,46.132037],[6.763845,46.131433],[6.761835,46.131698],[6.761002,46.131357],[6.760764,46.129318],[6.757657,46.126415],[6.755857,46.125751],[6.751893,46.12138],[6.750718,46.120777],[6.748297,46.120656],[6.74814,46.119875],[6.74687,46.119479],[6.74517,46.119535],[6.743695,46.118875],[6.742003,46.11925],[6.740078,46.118881],[6.741196,46.117331],[6.742296,46.116854],[6.742081,46.116121],[6.742773,46.115748],[6.742827,46.114778],[6.747128,46.115652],[6.747791,46.115381],[6.748368,46.114275],[6.749678,46.113746],[6.749597,46.112903],[6.750237,46.112555],[6.749416,46.112104],[6.749787,46.11148],[6.7491,46.110888],[6.747956,46.110334],[6.747038,46.110962],[6.744793,46.109105],[6.745003,46.107524],[6.743858,46.105311],[6.74409,46.104412],[6.745915,46.103241],[6.744915,46.103295],[6.74401,46.103834],[6.743091,46.103745],[6.744077,46.103486],[6.742793,46.103083],[6.742547,46.101404],[6.743185,46.10122],[6.743112,46.100257],[6.742167,46.097885],[6.742758,46.096521],[6.741694,46.095935],[6.741058,46.092885],[6.738575,46.090098],[6.737219,46.087162],[6.736227,46.086894],[6.734219,46.08537],[6.733925,46.084009],[6.734778,46.083887],[6.73341,46.081778],[6.730767,46.079983],[6.727198,46.076343],[6.729407,46.076178],[6.730204,46.075765],[6.732752,46.070849],[6.736102,46.068234],[6.738366,46.063018],[6.745808,46.059281],[6.745368,46.058892],[6.743568,46.058639],[6.744667,46.057656],[6.747782,46.056244],[6.749097,46.056259],[6.750796,46.055026],[6.751497,46.0549],[6.754254,46.055734],[6.755812,46.055522],[6.757074,46.053881],[6.760117,46.053085],[6.761664,46.053371],[6.763828,46.052078],[6.764373,46.049617],[6.763923,46.049314],[6.764255,46.047639],[6.763873,46.04459],[6.765427,46.04192],[6.764802,46.040616],[6.765994,46.039041],[6.768763,46.038644],[6.769728,46.037546],[6.769091,46.037213],[6.769922,46.036245],[6.771667,46.035637],[6.772296,46.033009],[6.771736,46.032869],[6.770719,46.033293],[6.771386,46.032412],[6.770518,46.030015],[6.77107,46.028667],[6.772228,46.028221],[6.771274,46.027906],[6.771212,46.027195],[6.770006,46.02651],[6.769031,46.025112],[6.768199,46.022854],[6.768526,46.022194],[6.767599,46.021231],[6.768159,46.021026],[6.766608,46.020243],[6.765278,46.018137],[6.764328,46.017654],[6.762959,46.015863],[6.761785,46.015273],[6.761685,46.014924],[6.762174,46.014864],[6.759899,46.012893],[6.760473,46.012834],[6.759949,46.012238],[6.761831,46.012492],[6.762622,46.013344],[6.764427,46.013888],[6.764948,46.014401],[6.765541,46.013634],[6.766061,46.013802],[6.766422,46.014678],[6.77081,46.015311],[6.771948,46.016303],[6.772881,46.016145],[6.776061,46.016904],[6.777594,46.016696],[6.778446,46.016287],[6.779014,46.013324],[6.783564,46.010002],[6.783573,46.008727],[6.784894,46.006996],[6.786232,46.007197],[6.78639,46.006551],[6.788639,46.005099],[6.791988,46.004362],[6.792841,46.00335],[6.792311,46.001885],[6.797071,46.00219],[6.797262,46.001488],[6.798287,46.001582],[6.798491,45.999858],[6.799287,45.998743],[6.797483,45.997151],[6.7986,45.996743],[6.799069,45.994368],[6.800293,45.993674],[6.80131,45.990189],[6.800253,45.988441],[6.799177,45.988009],[6.799798,45.986274],[6.798173,45.985246],[6.797831,45.981891],[6.796401,45.980283],[6.797762,45.979681],[6.796508,45.978195],[6.797593,45.978072],[6.796551,45.977509],[6.796489,45.976352],[6.799821,45.976226],[6.800681,45.975461],[6.798547,45.972273],[6.799684,45.971678],[6.803284,45.972659],[6.805671,45.971559],[6.808869,45.97074],[6.810262,45.97141],[6.812397,45.971308],[6.817057,45.969373],[6.817794,45.969397],[6.821172,45.967351],[6.822584,45.967724],[6.82391,45.969516],[6.825583,45.970172],[6.825252,45.969489],[6.826834,45.969935],[6.827293,45.969608],[6.828351,45.970217],[6.826484,45.964281],[6.828553,45.961876],[6.830733,45.960627],[6.833079,45.955965],[6.834995,45.954341],[6.835561,45.952646],[6.834436,45.949963],[6.835513,45.948436],[6.835188,45.946929],[6.835761,45.946751],[6.83632,45.947068],[6.83631,45.946403],[6.837011,45.946631],[6.837042,45.946012],[6.837718,45.946295],[6.83854,45.945066],[6.838377,45.944629],[6.839572,45.944304],[6.839748,45.94342],[6.840246,45.943445],[6.84026,45.943022],[6.840816,45.94344],[6.841913,45.941739],[6.843093,45.941754],[6.843541,45.94136],[6.838748,45.939971],[6.837574,45.93877],[6.837087,45.937244],[6.837832,45.936567],[6.837278,45.936023],[6.837602,45.935303],[6.836421,45.933259],[6.836852,45.931948],[6.836197,45.93189],[6.836485,45.931438],[6.835094,45.932194],[6.834774,45.93197],[6.835116,45.931321],[6.834789,45.929478],[6.833351,45.927151],[6.833155,45.926537],[6.833711,45.926523],[6.833247,45.926082],[6.830928,45.924997],[6.829762,45.925266],[6.829216,45.924827],[6.829486,45.923838],[6.828779,45.924338],[6.828561,45.924101],[6.828233,45.923388],[6.828923,45.923322],[6.829524,45.92212],[6.828188,45.922303],[6.828127,45.921358],[6.827285,45.921181],[6.826866,45.920591],[6.827143,45.919907],[6.827616,45.919869],[6.827039,45.919101],[6.827758,45.916515],[6.82551,45.914722],[6.824833,45.913483],[6.822624,45.912469],[6.821174,45.912551],[6.820867,45.911099],[6.820273,45.910571],[6.815812,45.908927],[6.814019,45.90793],[6.813834,45.90745],[6.8114,45.906917],[6.814461,45.906516],[6.811753,45.905605],[6.80948,45.905318],[6.809825,45.905035],[6.807094,45.904159],[6.804523,45.904311],[6.801763,45.903823],[6.803099,45.903234],[6.803915,45.903351],[6.800644,45.902682],[6.803097,45.902153],[6.802721,45.901373],[6.804002,45.901184],[6.803668,45.900933],[6.804688,45.900532],[6.802729,45.898054],[6.800342,45.897279],[6.798896,45.894555],[6.797889,45.893921],[6.799134,45.893635],[6.799672,45.893246],[6.799439,45.892435],[6.799941,45.892441],[6.799099,45.891802],[6.798081,45.889942],[6.797381,45.889503],[6.795182,45.889239],[6.79075,45.889333],[6.786186,45.890889],[6.785405,45.892615],[6.783569,45.891984],[6.779363,45.892536],[6.777803,45.892024],[6.780543,45.890779],[6.780189,45.888896],[6.779678,45.889644],[6.778427,45.889899],[6.778886,45.889148],[6.778008,45.889124],[6.777741,45.888384],[6.777232,45.888539],[6.777202,45.887783],[6.776612,45.888099],[6.774224,45.888009],[6.774243,45.886547],[6.773589,45.886997],[6.772458,45.885966],[6.771203,45.88575],[6.771025,45.88678],[6.76602,45.886578],[6.764021,45.885128],[6.763649,45.884178],[6.761226,45.883748],[6.759969,45.881572],[6.761098,45.880248],[6.760778,45.879369],[6.760376,45.879605],[6.7601,45.879181],[6.760228,45.87722],[6.761397,45.87686],[6.760362,45.876046],[6.761874,45.87581],[6.762459,45.874615],[6.760058,45.872929],[6.762099,45.871372],[6.761215,45.870057],[6.762287,45.869718],[6.761374,45.869346],[6.760203,45.867816],[6.76054,45.866733],[6.758579,45.866117],[6.7584,45.865686],[6.75682,45.865684],[6.755512,45.864605],[6.755909,45.863906],[6.758022,45.863518],[6.757995,45.863034],[6.758983,45.862388],[6.754819,45.861563],[6.749357,45.861306],[6.748343,45.860814],[6.744511,45.861728],[6.741987,45.860297],[6.7383,45.859236],[6.73518,45.859847],[6.735738,45.855785],[6.735549,45.855043],[6.734306,45.854563],[6.733748,45.853182],[6.735038,45.852104],[6.73591,45.848473],[6.736896,45.847966],[6.737511,45.846607],[6.739246,45.845879],[6.736139,45.845591],[6.734837,45.846022],[6.733624,45.845738],[6.732868,45.844315],[6.730668,45.844069],[6.728621,45.843347],[6.727748,45.84328],[6.727037,45.844243],[6.72504,45.840121],[6.725267,45.83924],[6.724206,45.838806],[6.72516,45.838407],[6.724771,45.83769],[6.725352,45.83438],[6.72598,45.833196],[6.726695,45.833002],[6.726049,45.831386],[6.726511,45.828931],[6.725608,45.827691],[6.726171,45.825059],[6.725402,45.822309],[6.727052,45.819632],[6.727588,45.817365],[6.726161,45.815335],[6.726183,45.814514],[6.726793,45.813963],[6.727002,45.811338],[6.727513,45.810809],[6.727035,45.809555],[6.727448,45.808894],[6.724986,45.805246],[6.723829,45.799644],[6.722985,45.799267],[6.718487,45.794711],[6.718349,45.79345],[6.715666,45.791164],[6.712855,45.78632],[6.712789,45.784534],[6.71322,45.78381],[6.715087,45.782647],[6.715441,45.781672],[6.714688,45.779715],[6.714819,45.778464],[6.71426,45.77788],[6.715826,45.775088],[6.715793,45.771951],[6.714046,45.767827],[6.713163,45.766809],[6.710955,45.76097],[6.711244,45.760185],[6.71044,45.75898],[6.711056,45.757799],[6.710142,45.756823],[6.708274,45.755863],[6.707857,45.754575],[6.709469,45.752938],[6.709605,45.751621],[6.710458,45.750421],[6.71419,45.748588],[6.715457,45.747168],[6.718111,45.746578],[6.717098,45.745374],[6.716025,45.745146],[6.716429,45.744919],[6.715467,45.742888],[6.713605,45.740684],[6.708862,45.737535],[6.7082,45.737877],[6.707787,45.737616],[6.707737,45.736543],[6.70661,45.735065],[6.708477,45.733719],[6.708332,45.731467],[6.709407,45.729877],[6.710258,45.729406],[6.71039,45.728086],[6.712802,45.725816],[6.714689,45.7254],[6.716081,45.725494],[6.716672,45.725005],[6.717452,45.721919],[6.716048,45.721974],[6.714604,45.720634],[6.714991,45.719136],[6.714505,45.718187],[6.711847,45.716604],[6.710557,45.714295],[6.708783,45.712432],[6.704685,45.710529],[6.699369,45.709287],[6.695814,45.709713],[6.695527,45.709463],[6.695615,45.709985],[6.694408,45.711713],[6.691583,45.70986],[6.690075,45.710049],[6.689759,45.709657],[6.689033,45.709686],[6.683236,45.706272],[6.682733,45.705164],[6.6835,45.703945],[6.682836,45.703149],[6.68313,45.702934],[6.680705,45.702957],[6.681529,45.70283],[6.682755,45.701324],[6.681607,45.701766],[6.681844,45.701162],[6.680868,45.701521],[6.680975,45.700448],[6.681427,45.700277],[6.680197,45.700249],[6.679536,45.69944],[6.679161,45.699545],[6.679279,45.698818],[6.677004,45.69675],[6.674155,45.695051],[6.674184,45.694549],[6.669982,45.693011],[6.668725,45.693272],[6.667414,45.692369],[6.666034,45.692762],[6.665541,45.692499],[6.665959,45.691623],[6.664726,45.691742],[6.661131,45.690918],[6.65742,45.688979],[6.657545,45.687726],[6.656725,45.686559],[6.656568,45.684962],[6.656318,45.685175],[6.655428,45.684657],[6.655089,45.684961],[6.654388,45.684291],[6.652409,45.683993],[6.651819,45.682913],[6.65175,45.681052],[6.651046,45.68032],[6.648182,45.679608],[6.647817,45.680125],[6.647173,45.680005],[6.646562,45.678761],[6.644755,45.677949],[6.644969,45.676709],[6.64418,45.676107],[6.644652,45.675702],[6.643504,45.675762],[6.644512,45.674833],[6.643128,45.674211],[6.64242,45.672201],[6.641079,45.670537],[6.639588,45.669997],[6.639191,45.66936],[6.637256,45.668345],[6.638097,45.667561],[6.638343,45.666556],[6.636691,45.666421],[6.63726,45.665799],[6.636477,45.665034],[6.63668,45.664772],[6.63579,45.665124],[6.635801,45.664727],[6.637539,45.662957],[6.636873,45.663047],[6.636916,45.662567],[6.638843,45.661451],[6.639183,45.659028],[6.640262,45.656901],[6.641421,45.65628],[6.643106,45.653512],[6.643844,45.653414],[6.643828,45.65276],[6.641398,45.650827],[6.642044,45.649796],[6.642608,45.649634],[6.642199,45.649096],[6.642898,45.647873],[6.646004,45.648609],[6.647237,45.647507],[6.646594,45.646702],[6.647029,45.64581],[6.64982,45.647222],[6.651261,45.647059],[6.651759,45.646441],[6.653697,45.64594],[6.653962,45.64493],[6.654614,45.645302],[6.655823,45.644864],[6.657774,45.645017],[6.658369,45.64443],[6.661769,45.643845],[6.662976,45.64209],[6.662637,45.640878],[6.663129,45.638631],[6.661905,45.636584],[6.661908,45.635809],[6.664178,45.633183],[6.665355,45.632387],[6.669138,45.63204],[6.669766,45.632769],[6.670403,45.632242],[6.670883,45.633431],[6.673045,45.634218],[6.6738,45.634038],[6.675071,45.632569],[6.675696,45.630961],[6.674567,45.631014],[6.675499,45.629815],[6.676959,45.625852],[6.678861,45.623223],[6.678853,45.620832],[6.678367,45.620401],[6.678822,45.619508],[6.678365,45.618302],[6.67853,45.61628],[6.679342,45.612811],[6.680122,45.611867],[6.679026,45.608958],[6.677647,45.608638],[6.677113,45.60798],[6.676635,45.60828],[6.67469,45.602781],[6.673744,45.601507],[6.673949,45.60101],[6.673387,45.600554],[6.672272,45.596511],[6.673606,45.5946],[6.673809,45.592988],[6.674895,45.591129],[6.676111,45.590602],[6.679356,45.590631],[6.679735,45.590021],[6.682307,45.588827],[6.683413,45.58632],[6.686383,45.583919],[6.685318,45.583198],[6.686307,45.582962],[6.687179,45.582104],[6.688146,45.58232],[6.689917,45.579748],[6.692881,45.578217],[6.692665,45.576787],[6.693665,45.575528],[6.693629,45.574482],[6.693028,45.574075],[6.693689,45.573906],[6.692925,45.572502],[6.695161,45.572337],[6.696501,45.573092],[6.696685,45.572851],[6.698582,45.5731],[6.698438,45.572528],[6.699197,45.572656],[6.700839,45.572004],[6.703439,45.572229],[6.705078,45.572976],[6.70683,45.572798],[6.706206,45.572073],[6.70781,45.572039],[6.707684,45.571339],[6.708182,45.570911],[6.710108,45.571028],[6.710719,45.570494],[6.710781,45.570898],[6.712259,45.569893],[6.712529,45.569198],[6.712102,45.569007],[6.714352,45.569135],[6.715858,45.569794],[6.716877,45.569671],[6.715613,45.568081],[6.714536,45.567768],[6.715218,45.566642],[6.71635,45.56685],[6.718522,45.568025],[6.721455,45.568082],[6.723216,45.568498],[6.72493,45.570703],[6.727879,45.572708],[6.728597,45.574008],[6.73149,45.574496],[6.73393,45.576515],[6.735537,45.575626],[6.738114,45.571548],[6.740742,45.569581],[6.741344,45.569597],[6.741441,45.570464],[6.742242,45.569512],[6.743451,45.569163],[6.743584,45.569534],[6.74444,45.569385],[6.74537,45.570341],[6.747241,45.570534],[6.747581,45.571313],[6.748509,45.571393],[6.749351,45.570971],[6.750168,45.568529],[6.754347,45.56845],[6.756506,45.567481],[6.757101,45.563936],[6.757702,45.562239],[6.757989,45.562392],[6.757622,45.561844],[6.756707,45.561765],[6.756077,45.560915],[6.755506,45.556258],[6.754576,45.554671],[6.753502,45.554414],[6.752932,45.553302],[6.753314,45.551403],[6.754279,45.550696],[6.753935,45.548861],[6.755776,45.546805],[6.756656,45.544039],[6.757941,45.542759],[6.758183,45.541521],[6.759944,45.539776],[6.759338,45.538638],[6.759982,45.538503],[6.762303,45.536075],[6.765944,45.534467],[6.767559,45.532886],[6.768838,45.532865],[6.773962,45.531344],[6.774128,45.530613],[6.775585,45.529589],[6.778313,45.529066],[6.780898,45.527664],[6.782402,45.525637],[6.784055,45.525091],[6.785056,45.52556],[6.785318,45.524396],[6.785966,45.52406],[6.790406,45.524756],[6.790741,45.524516],[6.79099,45.524843],[6.793448,45.524038],[6.794373,45.524265],[6.795487,45.523566],[6.797825,45.523367],[6.798512,45.523096],[6.799202,45.521639],[6.800172,45.521018],[6.802953,45.520333],[6.802435,45.518614],[6.805095,45.518527],[6.811757,45.515973],[6.81488,45.515509],[6.817937,45.513729],[6.826004,45.513652],[6.827153,45.514295],[6.828441,45.514344],[6.830341,45.513464],[6.832289,45.51176],[6.832973,45.510194],[6.834041,45.509385],[6.835074,45.505998],[6.8359,45.505741],[6.836927,45.505931],[6.837148,45.505618],[6.837148,45.502908],[6.838617,45.501272],[6.838254,45.499207],[6.841041,45.494879],[6.841175,45.492897],[6.842267,45.492724],[6.843651,45.491328],[6.843466,45.490385],[6.842637,45.489925],[6.843956,45.486614],[6.844377,45.486044],[6.845191,45.486224],[6.846229,45.485135],[6.847977,45.480883],[6.849849,45.479361],[6.851403,45.473051],[6.854504,45.470171],[6.855333,45.468876],[6.854841,45.468148],[6.85589,45.466446],[6.855582,45.461866],[6.856678,45.461203],[6.857107,45.459579],[6.860242,45.458202],[6.861426,45.458124],[6.86217,45.456557],[6.867101,45.455707],[6.870852,45.456007],[6.874976,45.454646],[6.87633,45.454685],[6.879028,45.455493],[6.881171,45.455057],[6.887319,45.455729],[6.891691,45.45838],[6.893376,45.461606],[6.89343,45.463257],[6.894021,45.46325],[6.895276,45.462291],[6.898478,45.466011],[6.900042,45.466259],[6.899743,45.465931],[6.905071,45.467673],[6.906688,45.467495],[6.907745,45.468286],[6.910635,45.467511],[6.912014,45.468406],[6.914455,45.469168],[6.914921,45.468833],[6.916192,45.469684],[6.917389,45.469938],[6.916206,45.46869],[6.916899,45.46908],[6.918935,45.469259],[6.921854,45.46874],[6.924358,45.469048],[6.928974,45.466869],[6.931564,45.467255],[6.935071,45.465069],[6.942069,45.46248],[6.947192,45.462204],[6.949499,45.461229],[6.950579,45.462379],[6.95194,45.462415],[6.953206,45.462129],[6.95198,45.461642],[6.952087,45.461315],[6.952694,45.461587],[6.954267,45.461152],[6.956328,45.461418],[6.956975,45.461845],[6.957303,45.461246],[6.958102,45.461699],[6.958406,45.461076],[6.960725,45.461145],[6.962416,45.460072],[6.964205,45.46062],[6.965981,45.457245],[6.967043,45.45656],[6.967376,45.454981],[6.96813,45.454025],[6.969145,45.453251],[6.97004,45.453599],[6.972093,45.452798],[6.974726,45.449788],[6.976122,45.445767],[6.97545,45.444454],[6.976248,45.444352],[6.977707,45.445644],[6.979633,45.446458],[6.979773,45.446223],[6.984731,45.446298],[6.986694,45.445613],[6.994228,45.446164],[6.998238,45.444793],[6.998768,45.444235],[7.003057,45.445362],[7.00383,45.445106],[7.00223,45.444315],[7.003728,45.443593],[7.006774,45.442806],[7.008702,45.44336],[7.011572,45.442847],[7.012084,45.441925],[7.014561,45.441643],[7.01659,45.439871],[7.01762,45.437833],[7.017505,45.437044],[7.01859,45.43611],[7.021462,45.431822],[7.023713,45.429874],[7.02432,45.428771],[7.024256,45.427505],[7.026125,45.424423],[7.028994,45.422461],[7.028775,45.420227],[7.02977,45.419521],[7.031522,45.41624],[7.029848,45.41298],[7.027449,45.410374],[7.027566,45.405877],[7.028272,45.404771],[7.031491,45.403555],[7.032902,45.402243],[7.034726,45.40162],[7.034904,45.400879],[7.038551,45.399092],[7.037149,45.397826],[7.037461,45.397045],[7.039319,45.396655],[7.037544,45.394201],[7.038217,45.393232],[7.037567,45.393291],[7.040884,45.387245],[7.039319,45.387597],[7.038661,45.387074],[7.037605,45.387457],[7.037182,45.387036],[7.036684,45.387456],[7.036144,45.387284],[7.036944,45.385663],[7.038834,45.384593],[7.040668,45.382787],[7.040318,45.381937],[7.040888,45.38075],[7.040812,45.38026],[7.039352,45.380767],[7.037822,45.379993],[7.035326,45.379468],[7.033621,45.378391],[7.027746,45.376149],[7.025091,45.373999],[7.021496,45.372625],[7.021974,45.370743],[7.021212,45.369066],[7.021782,45.367105],[7.021104,45.364209],[7.016817,45.359882],[7.015193,45.356609],[7.014583,45.356491],[7.014936,45.356251],[7.013893,45.355784],[7.015497,45.354832],[7.012627,45.354228],[7.010925,45.353059],[7.01443,45.350613],[7.014186,45.349463],[7.015431,45.348045],[7.014733,45.347037],[7.014445,45.345129],[7.013117,45.343839],[7.012242,45.341932],[7.010781,45.341198],[7.010208,45.339784],[7.006456,45.337659],[7.005834,45.336129],[7.006344,45.336098],[7.005783,45.335766],[7.006643,45.335297],[7.003797,45.333823],[7.004873,45.333948],[7.004252,45.333434],[7.004763,45.333421],[7.002787,45.33256],[6.998925,45.329644],[6.998641,45.329252],[6.999331,45.329517],[6.997116,45.327159],[6.993722,45.325377],[6.992985,45.324467],[6.993009,45.321916],[6.985603,45.320504],[6.983677,45.319831],[6.980895,45.31729],[6.9784,45.316444],[6.977555,45.31561],[6.975597,45.315117],[6.974422,45.314032],[6.974014,45.311762],[6.969635,45.309384],[6.962477,45.306352],[6.960484,45.306449],[6.956382,45.305328],[6.956151,45.305692],[6.954005,45.305057],[6.953862,45.30463],[6.951401,45.303526],[6.949464,45.303279],[6.948482,45.302561],[6.94748,45.303175],[6.945927,45.303398],[6.947281,45.304151],[6.944653,45.304362],[6.943502,45.304119],[6.942953,45.304197],[6.943641,45.304384],[6.941374,45.304583],[6.942714,45.304899],[6.943873,45.306084],[6.944959,45.306175],[6.94508,45.307005],[6.949004,45.310014],[6.949149,45.310311],[6.948702,45.310423],[6.945932,45.310215],[6.941209,45.310775],[6.937973,45.310596],[6.934665,45.311085],[6.933049,45.310958],[6.928824,45.309562],[6.926199,45.309419],[6.92393,45.31103],[6.922438,45.309353],[6.92029,45.309589],[6.918428,45.309075],[6.918084,45.30866],[6.914334,45.308924],[6.91296,45.307857],[6.91304,45.309153],[6.911937,45.310188],[6.910032,45.307997],[6.907968,45.307149],[6.905035,45.307117],[6.902689,45.306604],[6.901916,45.307126],[6.89946,45.306861],[6.897894,45.306065],[6.898004,45.305061],[6.895234,45.304323],[6.893161,45.304865],[6.891373,45.303262],[6.886097,45.303054],[6.882459,45.302089],[6.879371,45.300756],[6.882508,45.30022],[6.879175,45.299175],[6.877362,45.29907],[6.875912,45.299337],[6.875419,45.300173],[6.872633,45.300278],[6.868262,45.297729],[6.865709,45.29786],[6.866831,45.297298],[6.865687,45.296931],[6.861262,45.297161],[6.856944,45.295826],[6.850979,45.295591],[6.846254,45.294279],[6.842743,45.294648],[6.842223,45.294907],[6.844213,45.296808],[6.842237,45.296945],[6.842424,45.297225],[6.841642,45.297487],[6.842641,45.29781],[6.84231,45.298036],[6.843669,45.298962],[6.842174,45.299289],[6.841232,45.298916],[6.839748,45.300404],[6.839964,45.301239],[6.841462,45.303078],[6.843949,45.30764],[6.845588,45.308697],[6.846828,45.310265],[6.852382,45.313456],[6.854397,45.313677],[6.854897,45.315479],[6.854036,45.317271],[6.854462,45.317782],[6.853618,45.3188],[6.854137,45.320053],[6.852895,45.320493],[6.852764,45.320238],[6.851335,45.322466],[6.849794,45.322747],[6.847358,45.32493],[6.844992,45.325599],[6.843075,45.327233],[6.841847,45.326896],[6.839405,45.327014],[6.838613,45.326551],[6.837391,45.326469],[6.833908,45.32811],[6.833041,45.329387],[6.829213,45.329619],[6.829668,45.331706],[6.830957,45.332963],[6.831649,45.335585],[6.835917,45.342478],[6.835811,45.34319],[6.83729,45.345551],[6.838787,45.349489],[6.841934,45.354232],[6.841887,45.356536],[6.841067,45.356811],[6.839269,45.356173],[6.839565,45.356452],[6.838581,45.356548],[6.839522,45.357074],[6.83973,45.35781],[6.842578,45.360429],[6.840672,45.36021],[6.841713,45.361091],[6.836902,45.360235],[6.835542,45.360764],[6.835574,45.360086],[6.833837,45.359422],[6.833444,45.36044],[6.832658,45.360937],[6.831472,45.360675],[6.831161,45.361827],[6.830781,45.360691],[6.829814,45.361455],[6.829645,45.360212],[6.828569,45.36114],[6.828466,45.36029],[6.826652,45.360263],[6.825817,45.360718],[6.824749,45.362503],[6.823353,45.361713],[6.823344,45.361153],[6.822235,45.361192],[6.821439,45.359818],[6.819606,45.359494],[6.816166,45.356978],[6.814388,45.356453],[6.808438,45.357205],[6.804806,45.356503],[6.801965,45.356884],[6.800097,45.356697],[6.800119,45.355308],[6.799014,45.354687],[6.799823,45.35403],[6.799807,45.353338],[6.797922,45.352226],[6.794941,45.351293],[6.795577,45.350297],[6.795128,45.350345],[6.795185,45.350016],[6.79459,45.35022],[6.794018,45.348229],[6.795528,45.347795],[6.798529,45.348175],[6.798237,45.344844],[6.798886,45.342899],[6.802444,45.341707],[6.798083,45.338268],[6.798301,45.337177],[6.800646,45.335852],[6.801002,45.334944],[6.798481,45.329428],[6.797126,45.32837],[6.796873,45.323977],[6.795928,45.322821],[6.796264,45.321482],[6.795613,45.32077],[6.795909,45.320522],[6.793444,45.319143],[6.792063,45.318948],[6.791479,45.318059],[6.792115,45.316788],[6.791928,45.315998],[6.794141,45.313572],[6.794683,45.312026],[6.794321,45.311387],[6.795071,45.310871],[6.79479,45.310544],[6.796655,45.308874],[6.79707,45.307499],[6.798768,45.305487],[6.799164,45.303166],[6.796555,45.301563],[6.795141,45.301345],[6.793191,45.301902],[6.791944,45.301798],[6.791023,45.301292],[6.791262,45.300824],[6.789835,45.300834],[6.789751,45.300198],[6.788421,45.299396],[6.78929,45.298019],[6.78859,45.297622],[6.791692,45.295867],[6.793389,45.295643],[6.793661,45.29418],[6.791768,45.293611],[6.791017,45.29245],[6.788491,45.290979],[6.78824,45.289578],[6.787614,45.289978],[6.78746,45.289198],[6.786978,45.28952],[6.787159,45.288979],[6.785651,45.287998],[6.781131,45.282291],[6.779687,45.28244],[6.778292,45.281675],[6.77342,45.27735],[6.76959,45.274704],[6.769313,45.27404],[6.771033,45.272285],[6.772776,45.271523],[6.774306,45.271413],[6.775814,45.270513],[6.776016,45.269856],[6.775154,45.268692],[6.768496,45.265718],[6.767239,45.264711],[6.766534,45.263395],[6.765143,45.263973],[6.762084,45.264404],[6.760015,45.264309],[6.759203,45.262214],[6.759963,45.260432],[6.758563,45.260139],[6.757768,45.258372],[6.758693,45.259494],[6.758584,45.258371],[6.757514,45.257733],[6.758942,45.257794],[6.759697,45.258848],[6.759861,45.257509],[6.759583,45.256942],[6.75784,45.256057],[6.757857,45.256684],[6.757428,45.255836],[6.757381,45.256571],[6.755498,45.257097],[6.753558,45.256189],[6.752624,45.256524],[6.752422,45.257249],[6.751891,45.256567],[6.749985,45.256994],[6.746881,45.255935],[6.745251,45.256895],[6.743621,45.25518],[6.742348,45.25494],[6.741101,45.253428],[6.738346,45.252962],[6.736736,45.251182],[6.735239,45.250841],[6.731741,45.250854],[6.732388,45.252413],[6.73217,45.254524],[6.729807,45.256868],[6.727402,45.261363],[6.725818,45.262464],[6.726534,45.263699],[6.726002,45.263817],[6.725984,45.264787],[6.723679,45.265181],[6.722067,45.264704],[6.720411,45.265395],[6.719059,45.265037],[6.715682,45.265085],[6.714594,45.264424],[6.714126,45.264504],[6.714124,45.264109],[6.712455,45.264234],[6.710374,45.261138],[6.708393,45.260853],[6.709169,45.260288],[6.708546,45.260178],[6.70878,45.259718],[6.705094,45.259893],[6.704373,45.259728],[6.70411,45.259023],[6.707256,45.255093],[6.708453,45.254911],[6.712179,45.251391],[6.714005,45.25118],[6.715183,45.249639],[6.714956,45.243908],[6.71617,45.242835],[6.716274,45.239364],[6.715457,45.236793],[6.713538,45.236188],[6.706921,45.236801],[6.705083,45.235726],[6.703883,45.23445],[6.702403,45.233818],[6.700685,45.233876],[6.699209,45.234507],[6.697034,45.233418],[6.695815,45.233396],[6.694045,45.232196],[6.69485,45.231519],[6.693718,45.23146],[6.693091,45.230783],[6.694372,45.230026],[6.694367,45.229619],[6.690728,45.227985],[6.689771,45.226748],[6.68886,45.226664],[6.684738,45.224373],[6.68083,45.223437],[6.679218,45.223582],[6.678279,45.224218],[6.677125,45.223896],[6.676409,45.22434],[6.675526,45.224168],[6.67422,45.224486],[6.674029,45.226668],[6.675212,45.228226],[6.671758,45.227012],[6.669851,45.225183],[6.667972,45.22483],[6.667929,45.223337],[6.666106,45.221838],[6.667911,45.220823],[6.666601,45.220229],[6.666423,45.219949],[6.666965,45.219707],[6.665184,45.217984],[6.664951,45.216126],[6.664259,45.215755],[6.665083,45.213943],[6.663098,45.214276],[6.6624,45.213629],[6.662271,45.212003],[6.66273,45.212194],[6.662863,45.210291],[6.664288,45.20702],[6.663579,45.206948],[6.663603,45.206637],[6.665493,45.204901],[6.666355,45.204862],[6.667052,45.203917],[6.667635,45.204035],[6.669313,45.20342],[6.671351,45.201987],[6.673145,45.201438],[6.674391,45.201788],[6.676548,45.200808],[6.679489,45.201027],[6.68039,45.200625],[6.675818,45.199295],[6.675428,45.197386],[6.673589,45.196818],[6.671992,45.194804],[6.673067,45.195082],[6.673594,45.195946],[6.6748,45.196327],[6.673889,45.195742],[6.673133,45.194358],[6.667783,45.193256],[6.666745,45.192589],[6.668162,45.19302],[6.667957,45.19257],[6.666822,45.192036],[6.666248,45.190995],[6.664804,45.190854],[6.663621,45.190258],[6.661791,45.187922],[6.659723,45.187034],[6.65878,45.186121],[6.658651,45.185656],[6.660074,45.186728],[6.661152,45.186735],[6.660211,45.186409],[6.656784,45.182369],[6.657471,45.181248],[6.657121,45.179757],[6.658136,45.178253],[6.656115,45.17832],[6.65574,45.177452],[6.656575,45.177574],[6.65639,45.176835],[6.654453,45.174979],[6.653986,45.173945],[6.651847,45.172582],[6.651448,45.172663],[6.649983,45.170056],[6.651811,45.170605],[6.650314,45.169434],[6.649954,45.167467],[6.649109,45.166789],[6.649389,45.165667],[6.648326,45.165688],[6.646554,45.162844],[6.644482,45.161877],[6.6437,45.159872],[6.641624,45.157221],[6.641109,45.154397],[6.640474,45.154876],[6.640077,45.153722],[6.638308,45.152536],[6.63705,45.150642],[6.634789,45.149364],[6.63342,45.147949],[6.632462,45.147683],[6.632356,45.147149],[6.631733,45.147378],[6.62954,45.146887],[6.629467,45.146129],[6.628791,45.146711],[6.628783,45.146211],[6.627839,45.146531],[6.626947,45.146262],[6.623197,45.143784],[6.621834,45.142373],[6.621342,45.140256],[6.62173,45.14026],[6.620716,45.138638],[6.619652,45.138014],[6.620313,45.135931],[6.619805,45.134479],[6.616059,45.130739],[6.614842,45.128772],[6.611561,45.126476],[6.611068,45.124174],[6.607486,45.121936],[6.606915,45.119351],[6.608327,45.11956],[6.609106,45.1189],[6.609745,45.117012],[6.608905,45.114322],[6.606273,45.112444],[6.605758,45.110508],[6.606461,45.107604],[6.605967,45.106166],[6.606565,45.104254],[6.606573,45.099294],[6.607305,45.095817],[6.606941,45.093043],[6.606572,45.091999],[6.605843,45.091652],[6.606777,45.090498],[6.606605,45.08918],[6.607845,45.086899],[6.606964,45.084794],[6.609344,45.083723],[6.610474,45.082623],[6.610541,45.080994],[6.611538,45.079279],[6.611467,45.077483],[6.611849,45.076904],[6.614137,45.075925],[6.613942,45.074993],[6.615056,45.074298],[6.61523,45.073643],[6.620396,45.070246],[6.622119,45.070397],[6.622915,45.069812],[6.620916,45.067594],[6.622042,45.067427],[6.622439,45.066764],[6.621526,45.067105],[6.621941,45.066712],[6.621172,45.066788],[6.621918,45.066237],[6.620554,45.066443],[6.620924,45.066335],[6.620019,45.065753],[6.619302,45.0657],[6.620871,45.065463],[6.621495,45.064868],[6.621811,45.063346],[6.622751,45.063326],[6.622146,45.062868],[6.623345,45.063016],[6.624687,45.062276],[6.626099,45.060015],[6.625959,45.058499],[6.62669,45.057451],[6.62931,45.055892],[6.630569,45.054613],[6.631602,45.051351],[6.632103,45.044377],[6.637076,45.040029],[6.637586,45.038735],[6.63673,45.039068],[6.636849,45.038713],[6.636315,45.038856],[6.636385,45.038139],[6.6356,45.037962],[6.636071,45.037658],[6.635878,45.03727],[6.635188,45.037304],[6.635257,45.036785],[6.634766,45.036585],[6.635552,45.036501],[6.635374,45.035997],[6.635729,45.03591],[6.634893,45.035192],[6.634983,45.033404],[6.633716,45.030017],[6.634255,45.02932],[6.634135,45.028534],[6.634758,45.028602],[6.634482,45.027625],[6.635705,45.028145],[6.635,45.025915],[6.635973,45.022804],[6.635609,45.020248],[6.635843,45.019089],[6.63715,45.017793],[6.635893,45.01729],[6.636353,45.016553],[6.639994,45.015568],[6.641968,45.016144],[6.644277,45.015695],[6.646904,45.015938],[6.647806,45.015218],[6.649719,45.014665],[6.651101,45.013553],[6.653619,45.010088],[6.658203,45.00595],[6.659444,45.003081],[6.661269,45.002826],[6.660839,45.003679],[6.662711,45.003514],[6.66475,45.002895],[6.666936,45.001391],[6.666807,45.00197],[6.667407,45.001581],[6.66718,45.002393],[6.668727,45.001087],[6.667906,45.00296],[6.670266,45.001467],[6.6699,45.001972],[6.670617,45.001682],[6.669003,45.003691],[6.671015,45.002505],[6.674472,45.0023],[6.6773,45.004117],[6.67887,45.005963],[6.681797,45.007031],[6.682807,45.007911],[6.685292,45.008261],[6.687699,45.009538],[6.690659,45.010144],[6.692803,45.009976],[6.695866,45.010339],[6.696424,45.009969],[6.696245,45.009735],[6.699169,45.007539],[6.700135,45.005964],[6.700428,45.004289],[6.703629,45.000388],[6.703976,44.995175],[6.705534,44.990906],[6.705666,44.988236],[6.706719,44.984683],[6.706175,44.981537],[6.707009,44.978652],[6.706394,44.975959],[6.708592,44.975749],[6.709642,44.973306],[6.710621,44.972628],[6.712782,44.969696],[6.714698,44.969035],[6.715826,44.968153],[6.718975,44.969626],[6.721382,44.969468],[6.722122,44.969114],[6.723461,44.964612],[6.724792,44.962866],[6.725243,44.961251],[6.72797,44.959861],[6.729416,44.958021],[6.729975,44.95775],[6.730833,44.957925],[6.731878,44.957118],[6.732998,44.955313],[6.735204,44.953627],[6.735767,44.951346],[6.738163,44.947945],[6.738665,44.944534],[6.739606,44.94199],[6.739399,44.94043],[6.740184,44.939366],[6.739949,44.938333],[6.740802,44.936806],[6.737237,44.935794],[6.736903,44.935303],[6.734018,44.934353],[6.731374,44.934171],[6.718594,44.929488],[6.713627,44.928629],[6.711098,44.927823],[6.709312,44.926704],[6.706984,44.926212],[6.706187,44.925543],[6.704862,44.925272],[6.702541,44.923606],[6.697913,44.923865],[6.696508,44.922768],[6.695952,44.923393],[6.695327,44.923237],[6.695241,44.922356],[6.694582,44.921779],[6.691031,44.922016],[6.689022,44.920341],[6.68823,44.920118],[6.68725,44.91888],[6.687284,44.919211],[6.686878,44.918942],[6.686901,44.917396],[6.684564,44.917066],[6.681603,44.914504],[6.679608,44.915427],[6.677688,44.914353],[6.677123,44.913634],[6.677292,44.911942],[6.676593,44.911307],[6.673538,44.909503],[6.672419,44.90834],[6.670277,44.907671],[6.669106,44.90652],[6.666693,44.906109],[6.664502,44.904502],[6.664207,44.903121],[6.659959,44.902413],[6.657476,44.901329],[6.653821,44.901415],[6.652224,44.900481],[6.649783,44.899867],[6.647858,44.897944],[6.64779,44.898524],[6.647124,44.898904],[6.645483,44.897736],[6.644411,44.8981],[6.644534,44.897757],[6.642888,44.898025],[6.642405,44.898799],[6.641495,44.898961],[6.640907,44.898493],[6.641077,44.897308],[6.639363,44.895872],[6.636915,44.895181],[6.637707,44.893646],[6.636722,44.890672],[6.636072,44.889772],[6.634374,44.88912],[6.633677,44.887524],[6.634276,44.885925],[6.633028,44.884674],[6.632861,44.882771],[6.633308,44.880084],[6.633874,44.879282],[6.633008,44.876624],[6.633914,44.874354],[6.632677,44.872058],[6.632937,44.87157],[6.635083,44.870734],[6.637285,44.870346],[6.635694,44.86993],[6.637501,44.869703],[6.637929,44.869095],[6.636604,44.869261],[6.635671,44.868818],[6.635967,44.8684],[6.636666,44.868488],[6.636618,44.866582],[6.639757,44.8659],[6.645924,44.862459],[6.647993,44.860147],[6.649238,44.859422],[6.649307,44.85865],[6.650591,44.858074],[6.651538,44.857091],[6.653787,44.852858],[6.654889,44.852356],[6.654825,44.851208],[6.655647,44.84974],[6.656903,44.848679],[6.657512,44.846704],[6.660144,44.843746],[6.660151,44.84164],[6.661176,44.841061],[6.6634,44.840949],[6.66535,44.840273],[6.669511,44.837419],[6.671394,44.835403],[6.672129,44.833323],[6.676031,44.82763],[6.677204,44.828331],[6.677372,44.828077],[6.678078,44.825685],[6.67852,44.825485],[6.678507,44.82397],[6.679574,44.823846],[6.679366,44.823308],[6.680474,44.819688],[6.682737,44.817511],[6.684245,44.817049],[6.684878,44.816375],[6.687491,44.81561],[6.6879,44.813976],[6.687306,44.812946],[6.688181,44.812046],[6.689532,44.811846],[6.689057,44.81155],[6.6896,44.811451],[6.689058,44.811244],[6.690435,44.810597],[6.692563,44.808755],[6.692783,44.807769],[6.694669,44.806357],[6.694687,44.805838],[6.695959,44.80588],[6.696212,44.805048],[6.695509,44.804778],[6.69662,44.803995],[6.69737,44.80404],[6.699219,44.805955],[6.702162,44.805936],[6.703397,44.806634],[6.705201,44.806016],[6.706699,44.806161],[6.706799,44.80534],[6.708724,44.80462],[6.709276,44.802978],[6.712302,44.800466],[6.717073,44.799424],[6.718934,44.798505],[6.72014,44.798347],[6.723875,44.79527],[6.726391,44.794047],[6.726983,44.79294],[6.73248,44.789952],[6.733249,44.786061],[6.734728,44.783555],[6.734945,44.78137],[6.736234,44.781057],[6.736537,44.780272],[6.738294,44.779457],[6.738136,44.779007],[6.739033,44.778358],[6.740964,44.771662],[6.742178,44.769681],[6.743776,44.768457],[6.743851,44.767104],[6.747195,44.765669],[6.748541,44.764465],[6.748933,44.763127],[6.750218,44.762836],[6.751333,44.763262],[6.752951,44.763131],[6.753417,44.763765],[6.754583,44.763621],[6.756186,44.764041],[6.76075,44.762814],[6.763385,44.761348],[6.766291,44.760478],[6.767985,44.760747],[6.770232,44.759874],[6.772602,44.760914],[6.776431,44.759786],[6.776871,44.75923],[6.779039,44.759801],[6.779731,44.75922],[6.780503,44.759512],[6.781997,44.759049],[6.783161,44.759334],[6.784009,44.758075],[6.785663,44.757694],[6.785483,44.757139],[6.787069,44.757129],[6.787153,44.75664],[6.786524,44.756139],[6.785086,44.755837],[6.786371,44.755447],[6.787712,44.755802],[6.788363,44.757061],[6.789178,44.75647],[6.79168,44.756716],[6.793365,44.754006],[6.791871,44.75283],[6.791674,44.75208],[6.792258,44.748166],[6.793717,44.747142],[6.795005,44.747066],[6.794928,44.74745],[6.796953,44.746694],[6.797434,44.746164],[6.797402,44.745268],[6.79818,44.744027],[6.797549,44.742946],[6.797597,44.741098],[6.799699,44.738138],[6.799601,44.737081],[6.801012,44.736449],[6.801287,44.732181],[6.803707,44.726998],[6.805121,44.72585],[6.805132,44.723071],[6.803476,44.721119],[6.803235,44.718625],[6.804429,44.716109],[6.804992,44.711368],[6.803227,44.712002],[6.802784,44.707853],[6.805536,44.705548],[6.805596,44.703351],[6.80722,44.700383],[6.806872,44.699029],[6.807364,44.697513],[6.808686,44.696293],[6.808625,44.695146],[6.80774,44.69354],[6.80777,44.691833],[6.806722,44.691026],[6.806025,44.689685],[6.805842,44.688058],[6.806709,44.687923],[6.80598,44.687357],[6.806626,44.687013],[6.804248,44.685309],[6.803623,44.684373],[6.804102,44.684504],[6.803921,44.684227],[6.801165,44.681338],[6.801844,44.681202],[6.800532,44.67952],[6.801026,44.679339],[6.797695,44.67855],[6.797546,44.677955],[6.796003,44.676666],[6.792549,44.675398],[6.789623,44.675291],[6.788574,44.674702],[6.787345,44.674567],[6.786407,44.67363],[6.785764,44.673661],[6.785533,44.673092],[6.783897,44.672421],[6.78294,44.671355],[6.78345,44.671453],[6.781296,44.670598],[6.777498,44.668001],[6.779535,44.666022],[6.780202,44.662998],[6.789395,44.653679],[6.790837,44.651062],[6.789931,44.65033],[6.791076,44.650069],[6.791509,44.649427],[6.790892,44.649567],[6.790802,44.649296],[6.789228,44.649698],[6.787835,44.650986],[6.787945,44.65061],[6.787366,44.650873],[6.787281,44.650517],[6.786971,44.65066],[6.787032,44.650105],[6.788122,44.649193],[6.787482,44.648715],[6.787869,44.648428],[6.787661,44.647797],[6.787409,44.648077],[6.787394,44.647702],[6.787093,44.647995],[6.786847,44.647771],[6.787388,44.645881],[6.786965,44.645276],[6.787161,44.644158],[6.788415,44.642943],[6.78855,44.641794],[6.787941,44.642107],[6.78793,44.641584],[6.790635,44.639226],[6.791218,44.636008],[6.792926,44.63327],[6.794743,44.631911],[6.796821,44.631117],[6.799119,44.629313],[6.802097,44.62911],[6.805687,44.62599],[6.809574,44.623561],[6.810053,44.622469],[6.810777,44.622018],[6.810481,44.621349],[6.811501,44.620154],[6.811757,44.619087],[6.813462,44.61856],[6.813614,44.617455],[6.813926,44.617641],[6.817434,44.614003],[6.81962,44.613278],[6.822412,44.610704],[6.823051,44.610821],[6.82172,44.609502],[6.822312,44.609506],[6.821569,44.60907],[6.822128,44.609169],[6.821185,44.608239],[6.821076,44.60706],[6.821907,44.606872],[6.821721,44.606597],[6.822567,44.6068],[6.822681,44.606083],[6.822241,44.605878],[6.822909,44.60542],[6.826343,44.604803],[6.827981,44.603435],[6.828126,44.601695],[6.829024,44.600639],[6.830982,44.599727],[6.831798,44.598731],[6.830797,44.598128],[6.83057,44.596265],[6.826694,44.592711],[6.82769,44.592448],[6.827079,44.591799],[6.828224,44.590716],[6.826006,44.589337],[6.828675,44.5885],[6.828694,44.587849],[6.821708,44.583055],[6.822166,44.582474],[6.821855,44.580548],[6.819908,44.577854],[6.819452,44.574791],[6.817799,44.573505],[6.817816,44.572557],[6.816662,44.570344],[6.815396,44.569419],[6.813347,44.568866],[6.811943,44.566022],[6.811631,44.564331],[6.810114,44.562624],[6.810334,44.561148],[6.806598,44.55801],[6.805901,44.555988],[6.804287,44.553875],[6.803071,44.553754],[6.801689,44.552364],[6.799893,44.548628],[6.795849,44.546816],[6.795295,44.545368],[6.793138,44.544303],[6.791994,44.543241],[6.786352,44.54218],[6.783988,44.540494],[6.783527,44.538939],[6.78255,44.538212],[6.784029,44.536585],[6.785752,44.536228],[6.785796,44.534714],[6.788234,44.532751],[6.789994,44.534233],[6.791165,44.533491],[6.792297,44.533789],[6.792562,44.533284],[6.793867,44.533493],[6.794096,44.532463],[6.794533,44.532353],[6.794101,44.53058],[6.795126,44.529247],[6.7941,44.528365],[6.794514,44.527139],[6.794077,44.527336],[6.796781,44.525157],[6.797578,44.524972],[6.804215,44.525995],[6.807499,44.525205],[6.808855,44.523827],[6.811247,44.523009],[6.813366,44.521516],[6.814259,44.520421],[6.815781,44.520056],[6.81663,44.518852],[6.817116,44.519004],[6.817729,44.518251],[6.821941,44.516307],[6.822322,44.516483],[6.829674,44.511793],[6.831737,44.51104],[6.832615,44.509771],[6.836193,44.508009],[6.837721,44.505499],[6.842165,44.502615],[6.841682,44.50183],[6.843682,44.501962],[6.844507,44.501072],[6.846678,44.500072],[6.846698,44.497592],[6.848216,44.497797],[6.849476,44.496912],[6.85056,44.494574],[6.850721,44.492147],[6.848969,44.489459],[6.850379,44.487704],[6.849631,44.487199],[6.849544,44.485796],[6.848783,44.484755],[6.847255,44.483582],[6.848683,44.480929],[6.850127,44.479521],[6.849326,44.479283],[6.84936,44.478967],[6.850802,44.478692],[6.852228,44.477393],[6.851609,44.477284],[6.853383,44.476371],[6.852747,44.475932],[6.851359,44.476199],[6.852786,44.47506],[6.851746,44.475116],[6.850961,44.474691],[6.851617,44.474771],[6.85093,44.474451],[6.851601,44.474397],[6.850175,44.473972],[6.849532,44.473428],[6.849546,44.472579],[6.848711,44.472032],[6.850311,44.470537],[6.850548,44.468977],[6.849671,44.467492],[6.849495,44.466078],[6.850757,44.465499],[6.849836,44.465031],[6.850415,44.464923],[6.849931,44.464653],[6.848745,44.464403],[6.847569,44.462834],[6.850008,44.460362],[6.850943,44.460108],[6.851322,44.457636],[6.853041,44.457661],[6.853719,44.457001],[6.852547,44.455118],[6.851338,44.454359],[6.850977,44.453381],[6.848776,44.452628],[6.846528,44.450922],[6.847113,44.450584],[6.846706,44.450044],[6.853014,44.446379],[6.854399,44.444358],[6.861267,44.439012],[6.863509,44.436722],[6.866637,44.435406],[6.868515,44.433317],[6.873834,44.429508],[6.873697,44.4284],[6.875457,44.428108],[6.878381,44.426607],[6.881699,44.425563],[6.883011,44.422972],[6.883388,44.421062],[6.884702,44.42028],[6.885061,44.41826],[6.885633,44.417528],[6.88482,44.414093],[6.883213,44.411065],[6.881786,44.409712],[6.881696,44.408391],[6.878311,44.403189],[6.877453,44.40096],[6.876946,44.398757],[6.87777,44.394879],[6.877585,44.393608],[6.875742,44.390769],[6.87472,44.390479],[6.875638,44.388971],[6.87493,44.388716],[6.875868,44.388105],[6.874936,44.386603],[6.874081,44.386364],[6.872412,44.384439],[6.87206,44.38307],[6.87286,44.380504],[6.871084,44.379441],[6.870241,44.378096],[6.870465,44.375537],[6.869595,44.373214],[6.87064,44.370266],[6.87195,44.369474],[6.873556,44.366834],[6.875262,44.365667],[6.876058,44.36599],[6.876904,44.365668],[6.878765,44.36602],[6.879357,44.36563],[6.879445,44.365864],[6.880914,44.364415],[6.880869,44.362769],[6.881662,44.361596],[6.881842,44.360249],[6.88036,44.356453],[6.881741,44.356782],[6.880923,44.35566],[6.881832,44.355319],[6.882367,44.354385],[6.883836,44.353803],[6.88494,44.35447],[6.885136,44.353509],[6.884481,44.352513],[6.885085,44.351992],[6.883709,44.351687],[6.883389,44.348923],[6.882287,44.34821],[6.882551,44.346866],[6.8822,44.345932],[6.882671,44.344857],[6.880914,44.343101],[6.88104,44.341394],[6.87938,44.340987],[6.877675,44.339163],[6.876431,44.339614],[6.873639,44.335845],[6.871673,44.33507],[6.871956,44.333949],[6.866895,44.333399],[6.865222,44.333873],[6.864559,44.330947],[6.865029,44.329964],[6.864332,44.327601],[6.864977,44.326737],[6.864094,44.326681],[6.864454,44.326081],[6.86113,44.326],[6.860072,44.325203],[6.860487,44.323617],[6.861857,44.322708],[6.861519,44.321819],[6.859424,44.322639],[6.85967,44.322226],[6.858079,44.322758],[6.856446,44.322548],[6.858275,44.319903],[6.858293,44.319121],[6.859121,44.318953],[6.858971,44.318395],[6.85988,44.317464],[6.859171,44.315235],[6.858175,44.314337],[6.863265,44.3148],[6.86419,44.315495],[6.865955,44.315426],[6.865002,44.314841],[6.867221,44.313874],[6.8682,44.312101],[6.866547,44.31],[6.867589,44.308639],[6.867546,44.30738],[6.873445,44.305546],[6.873815,44.303224],[6.874349,44.303068],[6.874189,44.302703],[6.87473,44.302817],[6.874553,44.302317],[6.877315,44.300794],[6.879265,44.300581],[6.879226,44.298918],[6.88005,44.29779],[6.882411,44.297405],[6.882499,44.296413],[6.884688,44.294579],[6.885363,44.293261],[6.885091,44.292275],[6.883426,44.293811],[6.881555,44.294255],[6.880809,44.294099],[6.880097,44.294599],[6.878817,44.294096],[6.878123,44.294656],[6.876895,44.294764],[6.877642,44.293789],[6.877947,44.2917],[6.876732,44.290086],[6.873316,44.28691],[6.871096,44.286675],[6.870551,44.285142],[6.866956,44.285232],[6.866563,44.284579],[6.866925,44.283858],[6.866279,44.283679],[6.866619,44.283311],[6.867326,44.2834],[6.867127,44.28292],[6.867599,44.282712],[6.868876,44.282919],[6.871422,44.282173],[6.874199,44.281917],[6.874679,44.280606],[6.87519,44.281176],[6.875741,44.280837],[6.875273,44.280621],[6.879228,44.280178],[6.880838,44.2786],[6.882157,44.278107],[6.881541,44.278191],[6.881798,44.277912],[6.883859,44.278049],[6.884941,44.277471],[6.886302,44.277582],[6.886637,44.2771],[6.888809,44.276886],[6.890783,44.273083],[6.893366,44.273515],[6.89707,44.269595],[6.899871,44.267992],[6.902602,44.265033],[6.903895,44.264165],[6.904896,44.263984],[6.904945,44.263169],[6.905703,44.263006],[6.903905,44.262316],[6.904415,44.262208],[6.903622,44.261969],[6.90416,44.261841],[6.903755,44.261692],[6.904618,44.261658],[6.904171,44.261318],[6.905971,44.260901],[6.908157,44.261107],[6.909657,44.261499],[6.910047,44.262605],[6.913168,44.261234],[6.915479,44.259015],[6.916957,44.258615],[6.918421,44.259012],[6.921666,44.257303],[6.921904,44.257501],[6.922552,44.256579],[6.924679,44.256716],[6.926937,44.254802],[6.928592,44.252444],[6.933624,44.248285],[6.933494,44.247741],[6.935236,44.246385],[6.935369,44.245596],[6.934817,44.24524],[6.935486,44.245076],[6.936136,44.244044],[6.935322,44.244434],[6.937162,44.242864],[6.93668,44.24021],[6.938104,44.237393],[6.936034,44.235778],[6.935882,44.235233],[6.934048,44.234477],[6.936187,44.232951],[6.93449,44.232443],[6.933332,44.23139],[6.932474,44.231364],[6.931818,44.230581],[6.929873,44.230831],[6.928314,44.230602],[6.930204,44.230092],[6.929995,44.229172],[6.931355,44.228393],[6.930117,44.228165],[6.931709,44.227269],[6.930559,44.227087],[6.92866,44.226101],[6.927692,44.226636],[6.927165,44.226405],[6.927082,44.225117],[6.928658,44.223022],[6.928594,44.222538],[6.926349,44.220629],[6.926892,44.21988],[6.928088,44.219725],[6.928696,44.219228],[6.929157,44.21945],[6.92909,44.218916],[6.927943,44.218377],[6.930532,44.218253],[6.932652,44.21758],[6.933552,44.215501],[6.934488,44.215046],[6.934934,44.215944],[6.935818,44.215821],[6.936925,44.214172],[6.93744,44.214117],[6.939002,44.215255],[6.940041,44.215206],[6.939097,44.21384],[6.940243,44.213454],[6.939617,44.21298],[6.943474,44.210788],[6.944659,44.210616],[6.942865,44.209423],[6.943234,44.20882],[6.942564,44.207971],[6.940472,44.206782],[6.93996,44.205838],[6.939536,44.204182],[6.939982,44.204183],[6.939427,44.203133],[6.939728,44.200752],[6.9387,44.200442],[6.936712,44.200843],[6.934009,44.19965],[6.932914,44.200274],[6.928591,44.200403],[6.926832,44.199511],[6.926875,44.198496],[6.927721,44.198048],[6.927367,44.197023],[6.928334,44.196329],[6.928713,44.194786],[6.929492,44.194557],[6.928308,44.193529],[6.93002,44.191469],[6.929505,44.190883],[6.927195,44.190366],[6.928807,44.189293],[6.928584,44.188924],[6.927513,44.188961],[6.928125,44.18812],[6.927102,44.187386],[6.927667,44.18694],[6.926672,44.186316],[6.92678,44.178788],[6.927492,44.178228],[6.928371,44.174544],[6.930194,44.172928],[6.931887,44.169444],[6.932549,44.168721],[6.934423,44.168206],[6.936616,44.166455],[6.937499,44.166557],[6.937794,44.166016],[6.9392,44.16559],[6.940024,44.165768],[6.945894,44.164524],[6.947165,44.165276],[6.947208,44.166014],[6.948727,44.165035],[6.950117,44.166125],[6.951307,44.164247],[6.952908,44.163786],[6.953619,44.163093],[6.954503,44.160485],[6.953765,44.157868],[6.954435,44.156662],[6.953971,44.15652],[6.954151,44.154198],[6.952023,44.152228],[6.950488,44.149181],[6.952692,44.144487],[6.953353,44.145538],[6.953611,44.144067],[6.954423,44.143097],[6.959593,44.140295],[6.966783,44.137909],[6.966919,44.13745],[6.969788,44.137383],[6.971257,44.135375],[6.971832,44.135939],[6.97221,44.135365],[6.974301,44.135327],[6.974878,44.134776],[6.975639,44.135029],[6.975952,44.134397],[6.976569,44.134784],[6.976916,44.1343],[6.977345,44.134867],[6.978162,44.133847],[6.980584,44.133993],[6.982196,44.132502],[6.983556,44.132815],[6.986066,44.13148],[6.990552,44.131842],[6.99178,44.131273],[6.994132,44.13226],[6.992981,44.133547],[6.99201,44.133878],[6.992577,44.133949],[6.98907,44.134685],[6.989904,44.13551],[6.990477,44.135435],[6.990599,44.135846],[6.991105,44.135755],[6.992782,44.136816],[6.99398,44.136745],[6.994454,44.137226],[6.998311,44.136282],[7.002979,44.137231],[7.005398,44.138383],[7.007241,44.138804],[7.006754,44.140299],[7.00852,44.140684],[7.009905,44.142834],[7.009657,44.143378],[7.010201,44.143185],[7.009678,44.144042],[7.011854,44.143031],[7.013444,44.141543],[7.014658,44.141272],[7.016262,44.141594],[7.0177,44.142558],[7.018157,44.141975],[7.019778,44.142925],[7.02259,44.143583],[7.029536,44.143495],[7.033624,44.142761],[7.037206,44.141412],[7.040345,44.141309],[7.043122,44.140251],[7.045079,44.140136],[7.046497,44.139257],[7.054433,44.137782],[7.054025,44.137386],[7.055374,44.136247],[7.055976,44.13414],[7.059188,44.131985],[7.062717,44.126675],[7.062101,44.126277],[7.059268,44.126647],[7.060642,44.125033],[7.060521,44.124632],[7.061423,44.124004],[7.062947,44.121212],[7.06275,44.119457],[7.063893,44.117414],[7.062724,44.117073],[7.067708,44.11522],[7.069349,44.115392],[7.070869,44.114109],[7.071673,44.114251],[7.072454,44.11394],[7.072255,44.113023],[7.074165,44.111557],[7.074302,44.109633],[7.07731,44.107471],[7.082413,44.105565],[7.084408,44.10445],[7.086079,44.102591],[7.087956,44.101789],[7.088847,44.098018],[7.090295,44.096226],[7.090399,44.09543],[7.08842,44.092594],[7.085628,44.091246],[7.085892,44.089742],[7.088026,44.089417],[7.087758,44.089854],[7.088639,44.090204],[7.090419,44.090027],[7.092919,44.090671],[7.094296,44.090407],[7.09567,44.091014],[7.095479,44.090389],[7.094399,44.089824],[7.095748,44.089926],[7.096314,44.090452],[7.096064,44.089287],[7.094026,44.089062],[7.095701,44.088321],[7.096716,44.088757],[7.096493,44.088151],[7.095944,44.087758],[7.093712,44.088264],[7.09712,44.086143],[7.099821,44.087104],[7.101727,44.087013],[7.103074,44.08652],[7.102519,44.085939],[7.103187,44.085702],[7.103005,44.085499],[7.104664,44.085572],[7.105483,44.084411],[7.104908,44.083859],[7.107017,44.080719],[7.107584,44.082142],[7.107324,44.081525],[7.108026,44.080006],[7.107318,44.080011],[7.10828,44.079764],[7.10819,44.080622],[7.108834,44.079557],[7.107147,44.079533],[7.108571,44.079104],[7.110368,44.076305],[7.111421,44.076269],[7.112352,44.075567],[7.113434,44.075537],[7.112451,44.076704],[7.114786,44.075733],[7.118019,44.075458],[7.119993,44.074687],[7.119426,44.073702],[7.118105,44.073195],[7.117419,44.071912],[7.118579,44.071009],[7.119408,44.070847],[7.120148,44.069927],[7.122109,44.07018],[7.123987,44.069802],[7.125878,44.070168],[7.127104,44.069303],[7.129186,44.069427],[7.129323,44.068705],[7.130675,44.067814],[7.131351,44.067771],[7.131474,44.066729],[7.129954,44.064812],[7.130659,44.064121],[7.130558,44.063487],[7.135741,44.064894],[7.138225,44.067129],[7.141684,44.067076],[7.143725,44.067956],[7.144592,44.06695],[7.145118,44.068401],[7.145872,44.067961],[7.147115,44.068031],[7.14927,44.06894],[7.149995,44.068699],[7.150878,44.069009],[7.151601,44.069685],[7.152173,44.069061],[7.154309,44.070136],[7.158171,44.06908],[7.160074,44.069325],[7.164859,44.06894],[7.166028,44.069192],[7.167835,44.068745],[7.172057,44.069146],[7.173668,44.06986],[7.176122,44.068196],[7.176827,44.068105],[7.176726,44.068635],[7.177192,44.068074],[7.180567,44.066992],[7.181907,44.066117],[7.186207,44.064991],[7.192487,44.065652],[7.19425,44.065366],[7.196815,44.065595],[7.19974,44.066519],[7.202574,44.066519],[7.202591,44.065781],[7.203603,44.065282],[7.203605,44.063877],[7.204423,44.062261],[7.206905,44.061588],[7.207912,44.060494],[7.20928,44.060657],[7.209522,44.060164],[7.212074,44.059471],[7.213788,44.058688],[7.214792,44.057552],[7.213558,44.05554],[7.212799,44.055261],[7.212785,44.052854],[7.211273,44.051331],[7.210963,44.051477],[7.211042,44.051127],[7.209378,44.051114],[7.207968,44.051654],[7.207089,44.051364],[7.20579,44.049905],[7.201692,44.047743],[7.202132,44.047374],[7.201465,44.047145],[7.201773,44.046323],[7.203924,44.044219],[7.204855,44.042592],[7.204884,44.040852],[7.204113,44.039396],[7.208854,44.037437],[7.209264,44.0361],[7.210248,44.035405],[7.21123,44.033604],[7.210979,44.032935],[7.211804,44.032182],[7.214786,44.032137],[7.21541,44.031822],[7.217187,44.029972],[7.217535,44.029001],[7.220683,44.026954],[7.22239,44.026837],[7.224271,44.025078],[7.226938,44.024628],[7.230276,44.022847],[7.23168,44.020176],[7.234897,44.017737],[7.236343,44.017237],[7.23778,44.01759],[7.242042,44.017333],[7.246338,44.015799],[7.248883,44.013997],[7.247793,44.012818],[7.247986,44.011465],[7.249763,44.009989],[7.250829,44.009815],[7.250095,44.009621],[7.250765,44.009181],[7.244297,44.009],[7.239347,44.010193],[7.237614,44.010066],[7.236576,44.009086],[7.236224,44.005713],[7.235214,44.004481],[7.235039,44.002974],[7.235336,44.001888],[7.236772,44.000374],[7.236044,43.998572],[7.235611,43.99847],[7.235714,43.997952],[7.234218,43.996281],[7.234274,43.995559],[7.23381,43.995506],[7.231529,43.991933],[7.231903,43.990604],[7.231438,43.990177],[7.231667,43.988184],[7.231315,43.98789],[7.232394,43.98584],[7.234629,43.984257],[7.236031,43.982124],[7.234255,43.979637],[7.234225,43.978985],[7.235322,43.977405],[7.236727,43.97662],[7.236524,43.975872],[7.237234,43.973484],[7.238625,43.972576],[7.239386,43.97118],[7.238329,43.970554],[7.237527,43.969364],[7.237845,43.965729],[7.239412,43.963028],[7.240948,43.961098],[7.242821,43.959657],[7.243199,43.958576],[7.241835,43.954975],[7.242601,43.954012],[7.242887,43.951901],[7.24371,43.951296],[7.24308,43.950547],[7.244004,43.948725],[7.243351,43.948821],[7.244222,43.947905],[7.243697,43.947855],[7.243407,43.946945],[7.241672,43.945817],[7.239729,43.945447],[7.240081,43.943171],[7.239659,43.94235],[7.237133,43.942722],[7.238629,43.941964],[7.238381,43.940872],[7.239498,43.940311],[7.239778,43.938054],[7.241925,43.93781],[7.243112,43.936676],[7.243493,43.935686],[7.243045,43.934244],[7.245406,43.931444],[7.244906,43.929432],[7.245346,43.927484],[7.244646,43.92718],[7.244635,43.926082],[7.244011,43.925764],[7.245805,43.924089],[7.244677,43.923156],[7.243966,43.923144],[7.243208,43.921703],[7.243713,43.921338],[7.243545,43.920576],[7.244591,43.920029],[7.245358,43.918649],[7.247483,43.917199],[7.243788,43.917129],[7.24324,43.916836],[7.243093,43.914825],[7.245097,43.91417],[7.245305,43.912407],[7.244659,43.910885],[7.242819,43.910507],[7.241897,43.909283],[7.239584,43.90854],[7.238762,43.907797],[7.23682,43.907967],[7.236585,43.906842],[7.234096,43.906082],[7.235932,43.905611],[7.236303,43.905194],[7.238003,43.905145],[7.238249,43.904554],[7.239772,43.90399],[7.239485,43.90261],[7.240768,43.902712],[7.245265,43.901436],[7.24563,43.899897],[7.246256,43.900046],[7.247003,43.899668],[7.247597,43.896569],[7.244689,43.896587],[7.247679,43.89345],[7.247702,43.892874],[7.24694,43.8921],[7.245957,43.891803],[7.245899,43.891096],[7.244444,43.890241],[7.243348,43.890161],[7.242953,43.889724],[7.24201,43.889976],[7.241551,43.888722],[7.242372,43.888554],[7.24282,43.887661],[7.242198,43.887554],[7.243134,43.887305],[7.241155,43.886753],[7.24142,43.886303],[7.242617,43.88603],[7.241128,43.885717],[7.240666,43.88482],[7.238956,43.883888],[7.235908,43.882905],[7.235053,43.882004],[7.234379,43.881857],[7.234295,43.881021],[7.233664,43.880825],[7.233285,43.881557],[7.232749,43.880897],[7.232756,43.879723],[7.23132,43.879433],[7.232596,43.879423],[7.231289,43.879003],[7.231383,43.878448],[7.23197,43.878352],[7.230856,43.87815],[7.228515,43.875479],[7.227888,43.875683],[7.227057,43.87541],[7.227663,43.875378],[7.227079,43.87502],[7.227483,43.874916],[7.226293,43.874455],[7.226831,43.873114],[7.225,43.871927],[7.226534,43.870888],[7.225857,43.869894],[7.226205,43.870194],[7.226404,43.869248],[7.228093,43.868091],[7.228525,43.867166],[7.228206,43.866823],[7.229255,43.866],[7.229169,43.865726],[7.227672,43.86565],[7.228024,43.863561],[7.229103,43.861814],[7.22908,43.860059],[7.230291,43.858979],[7.230326,43.857739],[7.232955,43.853758],[7.235872,43.851591],[7.236317,43.85078],[7.235194,43.850468],[7.23373,43.849014],[7.239031,43.844467],[7.238526,43.843865],[7.237993,43.843884],[7.236489,43.841047],[7.237517,43.840674],[7.237146,43.839054],[7.237698,43.838111],[7.238413,43.837778],[7.238461,43.837202],[7.237627,43.836384],[7.240185,43.834638],[7.241616,43.835343],[7.241901,43.835984],[7.244856,43.835961],[7.246452,43.835451],[7.248899,43.830322],[7.24861,43.829411],[7.249676,43.82846],[7.249616,43.827469],[7.255747,43.819938],[7.254438,43.817565],[7.254652,43.81718],[7.253381,43.815533],[7.253939,43.814423],[7.25333,43.811886],[7.251112,43.809715],[7.250397,43.808384],[7.251144,43.807533],[7.251618,43.802988],[7.249769,43.801217],[7.246713,43.800319],[7.247184,43.798717],[7.248964,43.796372],[7.248863,43.794797],[7.247504,43.791884],[7.247992,43.789484],[7.246538,43.788802],[7.246219,43.788219],[7.245593,43.788417],[7.244104,43.787289],[7.244251,43.785547],[7.243741,43.784658],[7.244669,43.784811],[7.246703,43.783465],[7.249976,43.782771],[7.251049,43.782182],[7.249328,43.781921],[7.248777,43.781168],[7.248685,43.779823],[7.24788,43.779688],[7.249242,43.776898],[7.249901,43.771435],[7.24962,43.770306],[7.250314,43.768779],[7.250472,43.766852],[7.253217,43.760013],[7.255897,43.755585],[7.25776,43.754829],[7.257903,43.753371],[7.258763,43.751713],[7.258442,43.74766],[7.258945,43.746822],[7.258564,43.746043],[7.257186,43.745335],[7.256174,43.742916],[7.2575,43.741869],[7.25891,43.742931],[7.262587,43.743798],[7.263334,43.743522],[7.263593,43.742868],[7.263714,43.741721],[7.262507,43.740025],[7.26277,43.736831],[7.263446,43.735606],[7.262285,43.733275],[7.261827,43.733858],[7.261397,43.733348],[7.261216,43.730126],[7.260762,43.729287],[7.26078,43.728324],[7.263453,43.723987],[7.263217,43.723073],[7.26363,43.722202],[7.262843,43.719776],[7.257028,43.718278],[7.257529,43.716197],[7.254142,43.714726],[7.25575,43.711065],[7.25639,43.711187],[7.257057,43.710071],[7.257028,43.709547],[7.256017,43.709527],[7.256218,43.698635],[7.256573,43.69816],[7.257726,43.697856],[7.257549,43.694221]]}}]}